block,train,test,perfect_over_loc,ridge_over_loc,ridge_capture,ridge_corr,gbt_over_loc,gbt_capture,gbt_corr,paired_diff
A,contact-primary-school,contact-high-school,1.3149893580660719,0.9895373567613118,-0.033215862602232867,0.3082182150848923,0.9833944147656899,-0.05271792461898644,0.2824655378004655,-0.01950206201675357
A,contact-primary-school,email-Enron,1.80346655331272,1.0422181509150361,0.05254500108432545,0.48082728213559056,1.0057773331879956,0.007190508633091716,0.42625001042729227,-0.045354492451233734
A,contact-primary-school,email-Eu,1.6725121109900603,1.2992906185272277,0.4450337973640615,0.8193634752521396,1.2438032808716724,0.3625262309592455,0.8054901020686196,-0.08250756640481599
A,contact-primary-school,NDC-classes,4.08325149712881,1.4998945250325315,0.16213225729332947,0.6268884959072557,1.294190857983434,0.09541578371319721,0.6120199609420979,-0.06671647358013226
A,contact-primary-school,NDC-substances,1.9382074303228396,1.6053099209378243,0.6451770699892406,0.8843320309310311,1.3648343413386905,0.3888631975693798,0.8754695910012518,-0.2563138724198608
A,contact-primary-school,DAWN,1.0417909408473682,0.9912385514545036,-0.2096494687089147,0.9358223202493808,1.0425307492307774,1.0177026017698698,0.8761807729993026,1.2273520704787846
A,contact-primary-school,congress-bills,1.066851977621039,1.0111016811877949,0.1660636167074443,0.6236726238251127,0.9971788175669546,-0.04220043345669935,0.42253080680418476,-0.20826405016414365
A,contact-primary-school,tags-math-sx,1.1319030898951705,1.1377257419324434,1.0441434089368216,0.9482528110122577,1.0545525241544713,0.4135803353645978,0.844140404076172,-0.6305630735722237
A,contact-primary-school,tags-ask-ubuntu,1.1923896562998082,1.2220339627625123,1.1540847207321179,0.9449005607154418,1.0908421669525226,0.47217801985653385,0.8520619714942967,-0.681906700875584
A,contact-high-school,contact-primary-school,1.1318799492854903,1.0284422652572136,0.2156678510365706,0.7255810814342567,1.0264403561359883,0.20048806720990525,0.5928142427200496,-0.01517978382666535
A,contact-high-school,email-Enron,1.80346655331272,1.0110842647404497,0.01379555215428552,0.4009910163396749,1.091409439561364,0.11376881736331126,0.4168784815635045,0.09997326520902575
A,contact-high-school,email-Eu,1.6725121109900603,1.1794571947290589,0.26684604157516983,0.7385717226090478,1.0395889811216368,0.0588673132790941,0.6290384357007927,-0.20797872829607572
A,contact-high-school,NDC-classes,4.08325149712881,1.836044274252021,0.271156691249664,0.6735668594626328,1.7149901343939207,0.23189484706639563,0.6833457651046718,-0.03926184418326839
A,contact-high-school,NDC-substances,1.9382074303228396,1.5638114324017118,0.6009453924359807,0.9002878001865553,1.1351539521463638,0.14405551243594075,0.7169737138523745,-0.45688988000003994
A,contact-high-school,DAWN,1.0417909408473682,1.0364857234867515,0.8730534117431619,0.9655057313857236,0.9998483079646125,-0.003629782730699267,0.8278240312033313,-0.8766831944738611
A,contact-high-school,congress-bills,1.066851977621039,1.0326679864645834,0.4886614820845988,0.8817533724443806,0.9885731762455311,-0.17092723597862222,0.21433740162563855,-0.6595887180632211
A,contact-high-school,tags-math-sx,1.1319030898951705,1.0885241900246472,0.6711305254107499,0.9334426470684567,0.9808134563130543,-0.1454593952438427,0.7073171342085132,-0.8165899206545926
A,contact-high-school,tags-ask-ubuntu,1.1923896562998082,1.1360060943037273,0.7069303876284483,0.9354922622714574,0.9893651165918428,-0.05527783360444528,0.734028925272062,-0.7622082212328936
A,email-Enron,contact-primary-school,1.1318799492854903,1.0266005075416624,0.20170243987642386,0.762855340544809,0.9596224663373403,-0.30616885949244255,0.3074497330958921,-0.5078712993688664
A,email-Enron,contact-high-school,1.3149893580660719,0.9616267284587825,-0.12182402534744796,0.25008768420161537,0.9721950467776432,-0.08827267496613148,0.20138607378475715,0.033551350381316486
A,email-Enron,email-Eu,1.6725121109900603,1.2064434296754771,0.3069735493262044,0.8052295129756715,0.9825457427330971,-0.025953818498832708,0.4986961062960117,-0.3329273678250371
A,email-Enron,NDC-classes,4.08325149712881,1.4338689687458641,0.1407179949964809,0.6037195257355811,1.6199835394929434,0.20108107952604107,0.6894895875972841,0.06036308452956016
A,email-Enron,NDC-substances,1.9382074303228396,1.3966339712452078,0.42275722662815096,0.8408028552665466,1.0803100848178624,0.08559949774670564,0.7063495697889416,-0.33715772888144535
A,email-Enron,DAWN,1.0417909408473682,0.9591860526719004,-0.9766218826506717,0.7895545550796579,0.9731889260002821,-0.6415522947339042,0.8061805724527566,0.33506958791676755
A,email-Enron,congress-bills,1.066851977621039,0.9789303634879426,-0.3151684850894608,0.5680983494765968,0.9774064579183188,-0.3379637055728739,0.2060196665281848,-0.022795220483413092
A,email-Enron,tags-math-sx,1.1319030898951705,1.0543098214680313,0.4117403277754436,0.8805580089352245,0.9305576310898321,-0.526465065870382,0.6375091299777939,-0.9382053936458257
A,email-Enron,tags-ask-ubuntu,1.1923896562998082,1.1109446229111064,0.576666256621495,0.886658450409883,0.9143563774478868,-0.44515710563280736,0.6389539191275683,-1.0218233622543023
A,email-Eu,contact-primary-school,1.1318799492854903,1.0718113466483448,0.5445205813120949,0.7771676190385894,1.050004916620294,0.37916997156288484,0.717362686322997,-0.16535060974921006
A,email-Eu,contact-high-school,1.3149893580660719,0.9821554975067012,-0.05665112816146565,0.2990786232645806,0.9695067176570495,-0.09680734146121284,0.12611703499111976,-0.04015621329974719
A,email-Eu,email-Enron,1.80346655331272,1.0739693365258534,0.09206274513963929,0.49667614450448094,0.9709020641818926,-0.036215491109288366,-0.09655003727790147,-0.12827823624892765
A,email-Eu,NDC-classes,4.08325149712881,1.7289829997036754,0.23643319410775282,0.6757537459969022,1.6876455920521525,0.22302611145814827,0.5923838340314074,-0.013407082649604551
A,email-Eu,NDC-substances,1.9382074303228396,1.7262327737741754,0.7740641891146363,0.9036633555751075,1.7858767313115755,0.8376364393545181,0.9175043466949265,0.06357225023988189
A,email-Eu,DAWN,1.0417909408473682,0.9673844768958855,-0.780444815139128,0.9279210096136672,1.0979107265118866,2.342869639367128,0.933322912240918,3.123314454506256
A,email-Eu,congress-bills,1.066851977621039,1.0175824721020106,0.2630060131007583,0.7333868435024851,1.0248784478116848,0.37214228654105364,0.7162024555353156,0.10913627344029536
A,email-Eu,tags-math-sx,1.1319030898951705,1.1528088263906169,1.1584931521472401,0.9436413431083303,1.1753884222525106,1.3296763737066348,0.9282682680853472,0.1711832215593947
A,email-Eu,tags-ask-ubuntu,1.1923896562998082,1.2429333843453207,1.2627154131755831,0.9408417213958049,1.2432656634024943,1.2644425281544456,0.9220840629619244,0.0017271149788624651
A,NDC-classes,contact-primary-school,1.1318799492854903,1.0035231825292659,0.02671507343120805,0.7438174097278181,1.0350623279783782,0.2658654948560538,0.02539776916321404,0.23915042142484577
A,NDC-classes,contact-high-school,1.3149893580660719,0.9598444510785702,-0.12748223993334662,0.3239949025342929,1.0186101321067385,0.05908178047981802,0.31453427055472494,0.18656402041316464
A,NDC-classes,email-Enron,1.80346655331272,0.984867724241747,-0.018833734516841,0.47226542468701554,1.0403711886211107,0.050246259106441794,0.34807899518481306,0.06907999362328279
A,NDC-classes,email-Eu,1.6725121109900603,1.132107919536984,0.19643946536887966,0.7731197942713913,0.9339669512922611,-0.09818863873027682,0.0857598075542541,-0.29462810409915646
A,NDC-classes,NDC-substances,1.9382074303228396,1.3834352962228895,0.40868925552097624,0.8882029139791489,1.0783537424485876,0.08351430602252413,0.4904434199132092,-0.3251749494984521
A,NDC-classes,DAWN,1.0417909408473682,0.933440960375673,-1.5926666946173456,0.9418520047418948,1.0579675454608537,1.3870840015917991,0.4508669881845947,2.9797506962091447
A,NDC-classes,congress-bills,1.066851977621039,0.9766365331567681,-0.34948056399574856,0.7550136075020493,1.1116821359704077,1.6705883646927469,-0.13666946629355642,2.020068928688495
A,NDC-classes,tags-math-sx,1.1319030898951705,0.985881400653334,-0.10703766953364581,0.9256437733851982,0.9669791585994514,-0.25034168211519386,0.26630031254862646,-0.14330401258154807
A,NDC-classes,tags-ask-ubuntu,1.1923896562998082,1.0042345468795981,0.02201026271911035,0.9156539963643998,0.9353351601207242,-0.3361139113347453,0.40155002171350673,-0.3581241740538556
A,NDC-substances,contact-primary-school,1.1318799492854903,1.0599571900369702,0.4546346155106295,0.7750814750125035,1.0294234564415619,0.22310788410956028,0.6333616354430232,-0.23152673140106922
A,NDC-substances,contact-high-school,1.3149893580660719,0.9881785144029717,-0.037529793608292866,0.33945324769853163,0.9909803540969153,-0.028634763912223127,0.19940791131035474,0.008895029696069739
A,NDC-substances,email-Enron,1.80346655331272,1.0456766959935189,0.0568495300833523,0.4721067694197818,1.108885318120615,0.13551941604996148,0.4710312830806629,0.07866988596660918
A,NDC-substances,email-Eu,1.6725121109900603,1.3508911030078967,0.5217617605299645,0.8264062166494924,1.1715218204867275,0.25504644107333047,0.7105560424482952,-0.266715319456634
A,NDC-substances,NDC-classes,4.08325149712881,1.8624928888401566,0.27973484798218,0.7300635239077486,1.929333202716402,0.30141336299741267,0.7576555351655543,0.021678515015232658
A,NDC-substances,DAWN,1.0417909408473682,0.973477716310198,-0.6346419379900671,0.9656803754021476,1.0571054543251617,1.3664553409727282,0.9342690856618343,2.001097278962795
A,NDC-substances,congress-bills,1.066851977621039,1.0196832206853632,0.29442989401062536,0.8253777350889754,1.0209769908624162,0.3137826524942554,0.8222337250505865,0.01935275848363005
A,NDC-substances,tags-math-sx,1.1319030898951705,1.1342353698586753,1.0176817689817457,0.9684634139535516,1.1310438076473404,0.9934855032697636,0.9289776861101088,-0.02419626571198208
A,NDC-substances,tags-ask-ubuntu,1.1923896562998082,1.2152528806858396,1.1188381164858612,0.9708563764220496,1.2064695118457371,1.0731840568600413,0.9312147347034595,-0.04565405962581992
A,DAWN,contact-primary-school,1.1318799492854903,1.0301390131330586,0.22853370278308496,0.7573832782409531,1.065582191447318,0.4972870538898025,0.7033710999958874,0.2687533511067175
A,DAWN,contact-high-school,1.3149893580660719,0.9903045353952816,-0.03078029259224898,0.3586780280332495,1.0343073995373113,0.10891605909465371,0.30565407701713954,0.1396963516869027
A,DAWN,email-Enron,1.80346655331272,1.0255166535857567,0.031758202604141625,0.4612961999623471,1.1396128506647267,0.17376311445585155,0.41708045847450664,0.14200491185170994
A,DAWN,email-Eu,1.6725121109900603,1.2127590427693837,0.316364626439461,0.7974863884129682,1.1651561701859046,0.24558096053134956,0.7236214139273941,-0.07078366590811144
A,DAWN,NDC-classes,4.08325149712881,1.8785099831912873,0.2849297191647761,0.6975451818817624,1.9217061124866017,0.29893964645599436,0.6814681531689865,0.01400992729121825
A,DAWN,NDC-substances,1.9382074303228396,1.5813325663850228,0.6196205099174975,0.9207543037282965,1.4248035052983625,0.4527820730988951,0.8522470018236821,-0.1668384368186024
A,DAWN,congress-bills,1.066851977621039,1.0177149703289952,0.2649879773103388,0.8785945541770072,1.0121545676496808,0.1818131352610225,0.8229087215663494,-0.0831748420493163
A,DAWN,tags-math-sx,1.1319030898951705,1.0804209286437751,0.6096970791790349,0.9665003770439051,1.0885638217836555,0.6714309865981251,0.9451340364807211,0.06173390741909013
A,DAWN,tags-ask-ubuntu,1.1923896562998082,1.1344990401467594,0.699097044682924,0.9698181443813502,1.12223304491998,0.6353410431249981,0.9440726528675296,-0.06375600155792593
A,congress-bills,contact-primary-school,1.1318799492854903,1.033955713974168,0.25747442396009357,0.7224033824643893,1.012619645983441,0.09569040670558808,0.4707697519181729,-0.16178401725450547
A,congress-bills,contact-high-school,1.3149893580660719,1.002156759352032,0.006847086407216232,0.3703537076467694,1.0113476007577138,0.036025346466890894,0.27290456676602787,0.029178260059674662
A,congress-bills,email-Enron,1.80346655331272,0.9979507440000319,-0.0025505181161791088,0.389306660880341,1.0016860912225893,0.0020985207357263657,-0.048593950353681144,0.004649038851905474
A,congress-bills,email-Eu,1.6725121109900603,1.2235437328871575,0.3324010515707448,0.7993472986716756,1.2142176878679283,0.31853357637316126,0.7303035228730259,-0.013867475197583523
A,congress-bills,NDC-classes,4.08325149712881,1.6248760296816283,0.20266787521664265,0.7448630327409984,1.264699748552591,0.08585084570593257,0.580398040708817,-0.11681702951071007
A,congress-bills,NDC-substances,1.9382074303228396,1.653031161139161,0.6960413444119189,0.9400421856846596,1.3957080030034525,0.4217702719187466,0.8252759861942176,-0.2742710724931723
A,congress-bills,DAWN,1.0417909408473682,1.0248627365331322,0.5949312465574205,0.9609159799146223,1.0475824842664576,1.1385837050245329,0.8639444458050793,0.5436524584671124
A,congress-bills,tags-math-sx,1.1319030898951705,1.0910974867859682,0.6906395207145456,0.9357847074709725,1.0478967952104206,0.36312110086644944,0.7628465368129684,-0.32751841984809615
A,congress-bills,tags-ask-ubuntu,1.1923896562998082,1.1434801383121094,0.7457788587579717,0.9388572744602531,1.088512521816488,0.46006902615676737,0.8110369677970637,-0.2857098326012043
A,tags-math-sx,contact-primary-school,1.1318799492854903,1.0394800141802094,0.2993632799686941,0.7703633374706671,1.0479303982401655,0.3634396168625077,0.705259832488993,0.06407633689381359
A,tags-math-sx,contact-high-school,1.3149893580660719,0.985639833481461,-0.04558937040510055,0.3401573853148859,0.9976451100716572,-0.007476093614085855,0.29346671088548987,0.03811327679101469
A,tags-math-sx,email-Enron,1.80346655331272,1.0386945693067455,0.048159527172856785,0.4816522905200678,1.0111861226297048,0.013922325184021646,0.4026522607250759,-0.03423720198883514
A,tags-math-sx,email-Eu,1.6725121109900603,1.2572224878295999,0.38248008270203726,0.8183853040921643,1.1679364838140236,0.24971518143634697,0.7648914943802013,-0.1327649012656903
A,tags-math-sx,NDC-classes,4.08325149712881,1.8406147902033805,0.27263906009165295,0.688460483439812,1.7081746234193245,0.2296843524048531,0.6466990007256469,-0.04295470768679985
A,tags-math-sx,NDC-substances,1.9382074303228396,1.617646810661052,0.6583264965707191,0.920410855165484,1.5607804394140052,0.597714771051258,0.9152664288279847,-0.060611725519461035
A,tags-math-sx,DAWN,1.0417909408473682,0.9976337021190577,-0.056622268677431635,0.9728190813138702,1.0257362562183945,0.6158333767212903,0.9646198989396284,0.6724556453987219
A,tags-math-sx,congress-bills,1.066851977621039,1.014879358779363,0.22257170705867474,0.842203100213523,1.0252502820641023,0.3777043396866657,0.8213829897246019,0.15513263262799099
A,tags-math-sx,tags-ask-ubuntu,1.1923896562998082,1.1663785945265783,0.8648001027004496,0.9774531150896226,1.1758716654518058,0.9141430409217957,0.9784700304982923,0.049342938221346055
A,tags-ask-ubuntu,contact-primary-school,1.1318799492854903,1.0382015452215079,0.28966909244717826,0.7685969336936529,1.0271826322150797,0.20611648974959343,0.7266580214253826,-0.08355260269758483
A,tags-ask-ubuntu,contact-high-school,1.3149893580660719,0.9844281803338756,-0.04943601828877689,0.3393209069669181,1.0224796056879275,0.07136623861182068,0.28206394928403783,0.12080225690059757
A,tags-ask-ubuntu,email-Enron,1.80346655331272,1.0382374912919472,0.04759064473100058,0.4819577567016936,1.042410787990615,0.052784758513909395,0.3844066437337581,0.005194113782908814
A,tags-ask-ubuntu,email-Eu,1.6725121109900603,1.2537494225798786,0.377315766412464,0.8198971020227026,1.2588184088011223,0.38485315665184744,0.8126096217174777,0.007537390239383435
A,tags-ask-ubuntu,NDC-classes,4.08325149712881,1.8410434341964776,0.2727780834549745,0.6981836620122119,1.8401843474523776,0.27249945333190473,0.6793751137616119,-0.0002786301230697785
A,tags-ask-ubuntu,NDC-substances,1.9382074303228396,1.6125328892179627,0.652875760115424,0.9212937407086033,1.6323375506624132,0.6739848036002275,0.9195125711534268,0.02110904348480347
A,tags-ask-ubuntu,DAWN,1.0417909408473682,0.9965468856066476,-0.08262829989791542,0.9725062459492014,1.0135414524397721,0.32402841776712205,0.9576194492136283,0.40665671766503747
A,tags-ask-ubuntu,congress-bills,1.066851977621039,1.0138313048774017,0.2068944759690825,0.8447438095797516,1.0162963012839292,0.24376692902500782,0.7904339737097852,0.03687245305592532
A,tags-ask-ubuntu,tags-math-sx,1.1319030898951705,1.0951544346435154,0.721396554994572,0.9736056426560126,1.112942056195842,0.8562502689330656,0.9753428908300511,0.13485371393849355
AB,contact-primary-school,contact-high-school,1.3149893580660719,0.997798945801875,-0.006987709717047982,0.3491646082695844,0.9949004322092523,-0.016189651047442803,0.1899407435673126,-0.00920194133039482
AB,contact-primary-school,email-Enron,1.80346655331272,0.8905506113176684,-0.13622146215180705,0.31280111005099126,1.0459991084477809,0.057250806842083196,0.44909237242121197,0.19347226899389025
AB,contact-primary-school,email-Eu,1.6725121109900603,1.1502598078779462,0.22343063481300945,0.7043130882097961,1.2498457462458021,0.37151114777395416,0.8161300132248864,0.1480805129609447
AB,contact-primary-school,NDC-classes,4.08325149712881,1.4485394452889708,0.1454761136763123,0.6065981569740884,1.1751753166841266,0.05681512417889153,0.590816049140724,-0.08866098949742077
AB,contact-primary-school,NDC-substances,1.9382074303228396,1.517838429645399,0.5519444985286565,0.8603577763254487,1.3210853647526009,0.3422328094780858,0.8674803553701511,-0.20971168905057064
AB,contact-primary-school,DAWN,1.0417909408473682,0.9244767555486028,-1.8071678435579728,0.915505764814448,1.0402616438552288,0.963406016683739,0.895743037470926,2.770573860241712
AB,contact-primary-school,congress-bills,1.066851977621039,1.0005142025516705,0.007691658047654014,0.6885361399111889,0.9944164729498913,-0.08352074611404582,0.36233131775233496,-0.09121240416169983
AB,contact-primary-school,tags-math-sx,1.1319030898951705,1.1002742216665715,0.7602113168559135,0.9457826318890735,1.064451565330372,0.48862816922328917,0.8573931453942703,-0.2715831476326243
AB,contact-primary-school,tags-ask-ubuntu,1.1923896562998082,1.1925923275459682,1.0010534414898282,0.9427534484538218,1.0904590308827788,0.4701865610790066,0.8736467751500598,-0.5308668804108216
AB,contact-high-school,contact-primary-school,1.1318799492854903,1.033274550194221,0.2523093948283921,0.6896080635655475,1.0466567472308335,0.35378196218313784,0.6857101303233272,0.10147256735474575
AB,contact-high-school,email-Enron,1.80346655331272,0.8094881139557112,-0.23711240406809939,0.20480897032090986,1.117387771874911,0.14610162848835115,0.49787472174270664,0.38321403255645053
AB,contact-high-school,email-Eu,1.6725121109900603,0.9992407442132004,-0.0011289845556562862,0.6012483524381574,1.083555459222897,0.1242437985241459,0.6722933872797374,0.12537278307980218
AB,contact-high-school,NDC-classes,4.08325149712881,1.2945787613141126,0.09554159353800062,0.5640702914767384,1.5109854958314812,0.16572942437790816,0.6822427869775514,0.07018783083990754
AB,contact-high-school,NDC-substances,1.9382074303228396,1.450917445216959,0.48061593912318223,0.860104287448406,1.2165904870898874,0.2308556509889908,0.7976205323991018,-0.24976028813419143
AB,contact-high-school,DAWN,1.0417909408473682,0.8754081741836688,-2.981311817586833,0.9221015903486296,1.0174248701759594,0.4169532875462104,0.8595716680113815,3.3982651051330435
AB,contact-high-school,congress-bills,1.066851977621039,0.9435073095581625,-0.8450414251329289,0.3256652094770487,0.9629438697588608,-0.5543011824002831,0.09786889792315549,0.29074024273264576
AB,contact-high-school,tags-math-sx,1.1319030898951705,1.0790668597259456,0.5994314446218334,0.9237273861787054,1.0259532519191845,0.1967599996316293,0.7820608152497512,-0.40267144499020413
AB,contact-high-school,tags-ask-ubuntu,1.1923896562998082,1.145849363844845,0.7580935828356716,0.9357624314778006,1.0480431416917888,0.24971790384053355,0.8254516961887751,-0.5083756789951381
AB,email-Enron,contact-primary-school,1.1318799492854903,1.0492697399146682,0.3735953811144585,0.6378575194331135,1.0084461180257664,0.06404398903340879,0.43831606899719433,-0.3095513920810497
AB,email-Enron,contact-high-school,1.3149893580660719,0.9549273401243654,-0.14309264335901845,0.20880743130469034,1.0001482956620327,0.0004707957847946249,0.2703539259005119,0.14356343914381306
AB,email-Enron,email-Eu,1.6725121109900603,1.6719576187554483,0.9991754910795649,0.8197893661318857,1.2881076363271056,0.4284051270139339,0.5485444802224522,-0.570770364065631
AB,email-Enron,NDC-classes,4.08325149712881,2.023718223759162,0.3320255336655055,0.7580217410262745,2.6024700281577964,0.5197338036323184,0.7816584783568004,0.18770826996681284
AB,email-Enron,NDC-substances,1.9382074303228396,1.8162812976356686,0.8700435226299413,0.9391588563163324,1.3717762888695963,0.39626235825233996,0.6278593077317701,-0.47378116437760137
AB,email-Enron,DAWN,1.0417909408473682,1.0524008349995848,1.253880241437176,0.9252536811880155,1.0769075987157204,1.8402935458334775,0.15058271278036067,0.5864133043963016
AB,email-Enron,congress-bills,1.066851977621039,1.0561356439137166,0.8397005729872402,0.7361969220477524,1.051010370331795,0.7630345749972477,0.15474047298194218,-0.07666599798999252
AB,email-Enron,tags-math-sx,1.1319030898951705,1.1347289919062695,1.0214240774294587,0.9550449095979546,1.0135082632171397,0.10241051386950341,0.19545008871419428,-0.9190135635599553
AB,email-Enron,tags-ask-ubuntu,1.1923896562998082,1.2003919783173027,1.041594346449812,0.9622586279628157,1.0170319798173717,0.08852856304722595,0.3649758173724175,-0.9530657834025862
AB,email-Eu,contact-primary-school,1.1318799492854903,1.0625846371572145,0.47455763742927226,0.7266004230434302,1.0295952526846353,0.22441055554675882,0.6497865547877574,-0.25014708188251344
AB,email-Eu,contact-high-school,1.3149893580660719,0.9784527297259985,-0.06840634365012979,0.2824322567488991,1.0499968016749566,0.15872536768200685,0.05607877195684458,0.22713171133213664
AB,email-Eu,email-Enron,1.80346655331272,1.2619998129207721,0.32608676968635214,0.6561388056299514,1.3089264525849802,0.3844919882616966,0.630522244418327,0.058405218575344475
AB,email-Eu,NDC-classes,4.08325149712881,1.8597493967439642,0.27884504314506336,0.7226132147059319,2.194453874695698,0.38740072803272746,0.788644381217238,0.1085556848876641
AB,email-Eu,NDC-substances,1.9382074303228396,1.7805703634836907,0.8319805815384498,0.9329882892426745,1.8731912488140592,0.9307016983585302,0.9415143221086147,0.09872111682008045
AB,email-Eu,DAWN,1.0417909408473682,1.0026511465897632,0.06343830830336836,0.9447054644100926,1.1141195823329952,2.730725368203379,0.9360798569748053,2.6672870599000107
AB,email-Eu,congress-bills,1.066851977621039,1.0331100219073992,0.49527363416365316,0.682856196145091,1.0634428530225641,0.9490048803372725,0.7456040435008838,0.4537312461736193
AB,email-Eu,tags-math-sx,1.1319030898951705,1.1591392431795504,1.2064860899469885,0.9613795423721917,1.169953481382272,1.2884723285659339,0.9386487119825986,0.08198623861894538
AB,email-Eu,tags-ask-ubuntu,1.1923896562998082,1.2394674639576335,1.2447003054283863,0.9636112397690993,1.2292563706242927,1.191625241364503,0.9325012883570687,-0.05307506406388329
AB,NDC-classes,contact-primary-school,1.1318799492854903,1.015443870417556,0.11710552287310495,0.3438974476188041,1.0378048315173471,0.28666094976658074,0.30053146166709505,0.1695554268934758
AB,NDC-classes,contact-high-school,1.3149893580660719,0.9307953423196939,-0.21970474845626323,0.08894038622539689,1.009983357262179,0.03169426841425204,0.2698710937588031,0.25139901687051525
AB,NDC-classes,email-Enron,1.80346655331272,1.869904723967788,1.082689404283403,0.6382488670913182,1.294511331080156,0.3665508288626025,0.5762151790723715,-0.7161385754208005
AB,NDC-classes,email-Eu,1.6725121109900603,1.7129053222230117,1.0600631729493843,0.6776164545833402,1.2933500988207542,0.4362004698902589,0.5450735186953883,-0.6238627030591255
AB,NDC-classes,NDC-substances,1.9382074303228396,1.9050557454064323,0.964664866377151,0.9046970205922797,1.4295448532446438,0.457835697481991,0.7485132142388392,-0.50682916889516
AB,NDC-classes,DAWN,1.0417909408473682,1.1104562658770982,2.643067220728872,0.8425465209388037,1.120928095339149,2.8936437631497918,0.18470418291845359,0.25057654242091987
AB,NDC-classes,congress-bills,1.066851977621039,1.1455340829153526,2.176960025630589,0.71630737044054,1.1069689893449504,1.6000871350630939,0.39178060995609165,-0.5768728905674951
AB,NDC-classes,tags-math-sx,1.1319030898951705,1.0708072657446464,0.5368127903669289,0.819003272038518,1.0452862698117824,0.3433298632183181,0.041778424496837656,-0.19348292714861076
AB,NDC-classes,tags-ask-ubuntu,1.1923896562998082,1.0966224987829205,0.5022229398463604,0.8597426006286553,1.0518839579653925,0.26968163966434716,0.2356448507527757,-0.2325413001820132
AB,NDC-substances,contact-primary-school,1.1318799492854903,1.0618968906324557,0.4693426936225381,0.6090011555175858,0.9930172734328458,-0.052947598213266875,0.2574847778071573,-0.522290291835805
AB,NDC-substances,contact-high-school,1.3149893580660719,0.9808981746753791,-0.06064276406637878,0.2377081814677526,1.0157859500962458,0.05011582039839769,0.31833231304287757,0.11075858446477646
AB,NDC-substances,email-Enron,1.80346655331272,1.61398136719161,0.7641654337198527,0.7362160045454469,1.3039756793353898,0.3783302218145705,0.7187406534139289,-0.3858352119052822
AB,NDC-substances,email-Eu,1.6725121109900603,1.7543576420859581,1.1217012002585445,0.8217975131929158,1.266362513333065,0.39607095393558167,0.7404340208902491,-0.7256302463229628
AB,NDC-substances,NDC-classes,4.08325149712881,2.389182234738941,0.4505575481054911,0.8083242500359157,2.7222123005731333,0.5585701660006959,0.8938148599658171,0.10801261789520478
AB,NDC-substances,DAWN,1.0417909408473682,1.0895063542226124,2.141764516609323,0.9455813594306821,1.0810579056938718,1.939604709784284,0.9618004565242252,-0.2021598068250392
AB,NDC-substances,congress-bills,1.066851977621039,1.0908053543592258,1.3583046843276687,0.8089152819071986,1.054396621268102,0.8136875408003306,0.8936577413164828,-0.5446171435273381
AB,NDC-substances,tags-math-sx,1.1319030898951705,1.178780659579251,1.355394022394291,0.9497294576886225,1.1594460102098922,1.2088117900544357,0.9571211136432589,-0.14658223233985535
AB,NDC-substances,tags-ask-ubuntu,1.1923896562998082,1.254969931791019,1.3252787945818125,0.9592364455535541,1.244645567382101,1.2716149718613796,0.966794673183104,-0.05366382272043291
AB,DAWN,contact-primary-school,1.1318799492854903,1.0359761211879428,0.27279447241871946,0.7219156825362195,1.0446570845080283,0.3386192120180134,0.5646372125288825,0.06582473959929397
AB,DAWN,contact-high-school,1.3149893580660719,0.9863547974627637,-0.04331956679747298,0.3168894736394429,1.027151581500323,0.08619840894633539,0.34962891855616046,0.12951797574380836
AB,DAWN,email-Enron,1.80346655331272,1.1383391082330687,0.17217780586222517,0.57648129185762,1.6275833397527566,0.7810945423492851,0.6507926297011842,0.6089167364870599
AB,DAWN,email-Eu,1.6725121109900603,1.3352097374523748,0.4984441647584384,0.8487221677107205,1.401011217322625,0.5962884694110021,0.7634336565175397,0.09784430465256372
AB,DAWN,NDC-classes,4.08325149712881,2.003052845559147,0.3253230709506543,0.7265137798039146,2.197236187917947,0.3883031238395049,0.8018294727265682,0.06298005288885056
AB,DAWN,NDC-substances,1.9382074303228396,1.6551581502577601,0.6983084220856347,0.9363518002047257,1.6970647338875806,0.7429750728447321,0.9419172744383533,0.04466665075909737
AB,DAWN,congress-bills,1.066851977621039,1.037946879506203,0.5676253845669442,0.8871466133762647,1.056728771187352,0.8485728202227328,0.8746174338259245,0.2809474356557886
AB,DAWN,tags-math-sx,1.1319030898951705,1.1026931182850122,0.7785497547224035,0.9666618086516497,1.062419147886005,0.473219755015689,0.9301454673562478,-0.3053299997067145
AB,DAWN,tags-ask-ubuntu,1.1923896562998082,1.161392913574815,0.8388856068400585,0.9715447320087748,1.1175330348329853,0.6109114028969885,0.944490173366014,-0.22797420394307
AB,congress-bills,contact-primary-school,1.1318799492854903,1.032424239454374,0.24586178285663987,0.7157035019522611,1.0167057384105542,0.12667383101877056,0.5580547352144931,-0.11918795183786932
AB,congress-bills,contact-high-school,1.3149893580660719,0.9760878441423654,-0.07591417057530823,0.30368582924934945,1.0186201369788244,0.059113543051567546,0.3726893199790893,0.13502771362687577
AB,congress-bills,email-Enron,1.80346655331272,1.0171454585551245,0.021339355676267036,0.408241318378935,1.0781011029682859,0.09720517007991478,0.19965931321385452,0.07586581440364774
AB,congress-bills,email-Eu,1.6725121109900603,1.2423869761990942,0.3604202396329435,0.7590031029317917,1.3850100102537952,0.5724952814410887,0.7855348793074323,0.21207504180814524
AB,congress-bills,NDC-classes,4.08325149712881,2.171042765357879,0.3798077342858276,0.7640468799606329,1.2661780491988714,0.08633030728980175,0.4419235831534145,-0.29347742699602586
AB,congress-bills,NDC-substances,1.9382074303228396,1.6601530776068507,0.7036323272132798,0.9180178188627367,1.7429107391853975,0.791840604939315,0.9123092388096878,0.08820827772603512
AB,congress-bills,DAWN,1.0417909408473682,1.0395559047288514,0.9465186455916419,0.9537398007725623,1.105604233667582,2.5269647326983398,0.8649631219243251,1.5804460871066979
AB,congress-bills,tags-math-sx,1.1319030898951705,1.0880380896495154,0.6674452411955123,0.9382044809441711,1.0768800705680655,0.5828526885091592,0.8467053716292926,-0.08459255268635313
AB,congress-bills,tags-ask-ubuntu,1.1923896562998082,1.1364279059134814,0.7091228735337027,0.9453197139639722,1.0949498789645584,0.493529022249483,0.8633727469701156,-0.21559385128421976
AB,tags-math-sx,contact-primary-school,1.1318799492854903,1.0428157663104298,0.3246571335703456,0.7722790307897286,1.0362902824480935,0.2751766484951647,0.6917092420800575,-0.04948048507518088
AB,tags-math-sx,contact-high-school,1.3149893580660719,0.9874747511627441,-0.03976403810641957,0.3405041069439246,1.0118651500681404,0.03766841566009843,0.32271804000936133,0.077432453766518
AB,tags-math-sx,email-Enron,1.80346655331272,1.0336603499394559,0.04189390311354357,0.47570011736369167,1.2378629096309495,0.2960458137930354,0.6428301496970251,0.25415191067949183
AB,tags-math-sx,email-Eu,1.6725121109900603,1.2632768398313377,0.3914826744811275,0.820241371129834,1.27147250602138,0.403669319236085,0.8257269158493068,0.01218664475495751
AB,tags-math-sx,NDC-classes,4.08325149712881,1.8511821960505415,0.2760664178200126,0.6859853575211904,1.7463645904433962,0.2420706164055793,0.7133734347482258,-0.03399580141443331
AB,tags-math-sx,NDC-substances,1.9382074303228396,1.6195055293695837,0.6603076349079972,0.9180513122305985,1.7349002971257228,0.7833025761401631,0.951360292300357,0.12299494123216592
AB,tags-math-sx,DAWN,1.0417909408473682,0.9955831815984661,-0.10568841744112105,0.9721559031343615,1.0332824987663773,0.7964046296046311,0.9748190247316109,0.9020930470457521
AB,tags-math-sx,congress-bills,1.066851977621039,1.0221790471408625,0.33176351590655895,0.8483829879799974,1.0407815516196424,0.6100276023368977,0.8168379091409815,0.27826408643033873
AB,tags-math-sx,tags-ask-ubuntu,1.1923896562998082,1.1740285160251402,0.9045627471465769,0.9772538700720508,1.2042688239354242,1.0617453550470732,0.9838544387941937,0.15718260790049632
AB,tags-ask-ubuntu,contact-primary-school,1.1318799492854903,1.0371581755226809,0.28175758122443467,0.7651115748393925,1.030179571396633,0.22884124205493225,0.6332062698029395,-0.05291633916950242
AB,tags-ask-ubuntu,contact-high-school,1.3149893580660719,0.9863961135885649,-0.043188400062015825,0.3441482303392674,1.0210097246937884,0.06669979209069465,0.34162142748779517,0.10988819215271048
AB,tags-ask-ubuntu,email-Enron,1.80346655331272,1.054172129680536,0.06742300529770957,0.5077615054907522,1.17788985295985,0.22140293485323576,0.5923047466190878,0.1539799295555262
AB,tags-ask-ubuntu,email-Eu,1.6725121109900603,1.2681221895450645,0.398687525716585,0.8340243022369009,1.287921976550256,0.42812905796801565,0.8253142577698713,0.029441532251430647
AB,tags-ask-ubuntu,NDC-classes,4.08325149712881,1.8142780199991098,0.2640971781761504,0.6975951005323798,2.057788095841575,0.3430755151912227,0.7780484716560382,0.07897833701507229
AB,tags-ask-ubuntu,NDC-substances,1.9382074303228396,1.6122609777306767,0.6525859398917744,0.9265116295755805,1.804502773363648,0.8574892367744482,0.9459773612455462,0.20490329688267384
AB,tags-ask-ubuntu,DAWN,1.0417909408473682,0.9934758869934757,-0.1561130923171161,0.971770832185582,1.0256832623480938,0.6145653059570017,0.9704271264594488,0.7706783982741178
AB,tags-ask-ubuntu,congress-bills,1.066851977621039,1.010964169145339,0.16400665373717388,0.8012478634304299,1.0284077909002216,0.42493568494346806,0.7945544937714942,0.2609290312062942
AB,tags-ask-ubuntu,tags-math-sx,1.1319030898951705,1.0985617567639425,0.7472285663836541,0.9736213283193796,1.1099088734728302,0.8332547293636551,0.9823882007732005,0.08602616298000099
ABC,contact-primary-school,contact-high-school,1.3149893580660719,0.9995494786350118,-0.0014302748758062563,0.3523781722754214,0.9950201133501029,-0.01580969808145883,0.22501091078542046,-0.014379423205652574
ABC,contact-primary-school,email-Enron,1.80346655331272,0.9334031399868764,-0.0828869101502016,0.34892975538739,1.070854394087363,0.08818586635028906,0.5142812628057896,0.17107277650049066
ABC,contact-primary-school,email-Eu,1.6725121109900603,1.2243857648627465,0.3336531211793492,0.7416283817511009,1.272905949008379,0.40580079458585766,0.8238044331609585,0.07214767340650846
ABC,contact-primary-school,NDC-classes,4.08325149712881,1.6294726288250538,0.2041587036968059,0.6407909238043678,1.154848003885726,0.05022230720715577,0.5648357389373816,-0.15393639648965013
ABC,contact-primary-school,NDC-substances,1.9382074303228396,1.5520881855383464,0.5884500246905648,0.8641917293937027,1.3571261641657584,0.3806473415403141,0.875812415521483,-0.20780268315025074
ABC,contact-primary-school,DAWN,1.0417909408473682,0.957765209388837,-1.0106207171888235,0.9184596875297847,1.045637592862471,1.0920451164081666,0.8778019013857495,2.10266583359699
ABC,contact-primary-school,congress-bills,1.066851977621039,1.0260345569050222,0.389435852632561,0.8069469003590527,0.9983133947689464,-0.025228950452511084,0.3556519820911974,-0.41466480308507203
ABC,contact-primary-school,tags-math-sx,1.1319030898951705,1.1189307119308411,0.9016522056106561,0.9502750534750137,1.0660593626587023,0.5008174009509762,0.8481103642189715,-0.4008348046596799
ABC,contact-primary-school,tags-ask-ubuntu,1.1923896562998082,1.203456939440185,1.0575253542899952,0.9438951424004265,1.0944595632829368,0.490980466931844,0.8687391936816762,-0.5665448873581511
ABC,contact-high-school,contact-primary-school,1.1318799492854903,1.033435649098236,0.2535309520468142,0.6680596947028049,1.048988198837664,0.3714605525940531,0.6978599497342177,0.11792960054723889
ABC,contact-high-school,email-Enron,1.80346655331272,0.8989523592116088,-0.1257645889200594,0.285525933429547,1.1416548020031738,0.17630454114004648,0.49844491623885695,0.3020691300601059
ABC,contact-high-school,email-Eu,1.6725121109900603,1.1350299988888015,0.20078448652770398,0.6948342731686974,1.0640141120200637,0.09518655645594733,0.6626063482003812,-0.10559793007175665
ABC,contact-high-school,NDC-classes,4.08325149712881,1.650374296536904,0.21093780288197264,0.6428516607237056,1.5969183917339822,0.19360029251257818,0.6845060547832267,-0.01733751036939446
ABC,contact-high-school,NDC-substances,1.9382074303228396,1.4925381789681678,0.5249779132517466,0.8684449311593168,1.2687913248672833,0.2864945599234825,0.7975707265977363,-0.2384833533282641
ABC,contact-high-school,DAWN,1.0417909408473682,0.9359604440764921,-1.5323788989914717,0.9282735176032005,1.0170313467522405,0.40753681077541565,0.8612869428316284,1.9399157097668873
ABC,contact-high-school,congress-bills,1.066851977621039,0.9903453971564342,-0.14441761017593865,0.5943677167266878,0.9698396790786337,-0.4511507661349209,0.12237252457042068,-0.3067331559589822
ABC,contact-high-school,tags-math-sx,1.1319030898951705,1.1016317441714933,0.7705031341742243,0.9323929969786742,1.0148974469238423,0.11294236500207847,0.7714256990593585,-0.6575607691721459
ABC,contact-high-school,tags-ask-ubuntu,1.1923896562998082,1.153336193349288,0.7970085102202084,0.9380679890644791,1.040642278286545,0.2112498097257919,0.8114811977129295,-0.5857587004944165
ABC,email-Enron,contact-primary-school,1.1318799492854903,1.0496400705093936,0.37640346980975875,0.6743901026817114,1.013131325064335,0.09957029203816765,0.45581534672242524,-0.2768331777715911
ABC,email-Enron,contact-high-school,1.3149893580660719,0.960571044278997,-0.1251755169224874,0.23620704815685056,0.997033961624488,-0.009416312962833052,0.26090173350469686,0.11575920395965436
ABC,email-Enron,email-Eu,1.6725121109900603,1.6731762872651375,1.000987604928184,0.8202107466994388,1.2671487252481544,0.3972400212315326,0.567341668441063,-0.6037475836966515
ABC,email-Enron,NDC-classes,4.08325149712881,2.019465131898658,0.33064611590978094,0.7570007343036573,2.865328611333258,0.6049874987720892,0.825759611557301,0.2743413828623083
ABC,email-Enron,NDC-substances,1.9382074303228396,1.802842002395606,0.8557190834859899,0.938562050156396,1.353493934016278,0.3767758840863579,0.6499157684752609,-0.478943199399632
ABC,email-Enron,DAWN,1.0417909408473682,1.0336694741974806,0.8056644218767544,0.9291236419411071,1.079448006955452,1.9010820370284907,0.11466584756128986,1.0954176151517363
ABC,email-Enron,congress-bills,1.066851977621039,1.0412240301797286,0.6166463827504636,0.7383881660855593,1.0475531675675007,0.7113202819079394,0.11970684928107231,0.09467389915747582
ABC,email-Enron,tags-math-sx,1.1319030898951705,1.1237592900455657,0.9382592185211353,0.9607419483057544,1.0143865706320334,0.10906924654659027,0.17937939257195873,-0.829189971974545
ABC,email-Enron,tags-ask-ubuntu,1.1923896562998082,1.1901866525099314,0.9885492607438116,0.9660239342968263,1.0183004190635723,0.09512163707519714,0.3461661708246133,-0.8934276236686144
ABC,email-Eu,contact-primary-school,1.1318799492854903,1.0600175095449431,0.4550919974576178,0.777917493366416,1.029182776108755,0.22128288846685074,0.6721478815302913,-0.23380910899076707
ABC,email-Eu,contact-high-school,1.3149893580660719,0.986847871119837,-0.04175420071621677,0.3340556370768543,1.0322832864679294,0.10249008622430263,0.07389777880691206,0.14424428694051938
ABC,email-Eu,email-Enron,1.80346655331272,1.2416225084226142,0.30072503631469955,0.65291680655096,1.306412669300308,0.3813633162910865,0.6750470511956493,0.08063827997638695
ABC,email-Eu,NDC-classes,4.08325149712881,1.8119663289867098,0.263347420650839,0.7192546697162534,2.433278820187389,0.46485952298153077,0.8360629850377,0.20151210233069178
ABC,email-Eu,NDC-substances,1.9382074303228396,1.7243698482995617,0.7720785669436707,0.9304688282931962,1.8667708344779002,0.923858420285205,0.935940242192417,0.15177985334153432
ABC,email-Eu,DAWN,1.0417909408473682,0.933262228658266,-1.5969434999197143,0.9362393500746268,1.1270360818877951,3.0397995190336853,0.9180158076910274,4.6367430189534
ABC,email-Eu,congress-bills,1.066851977621039,0.9852297629128765,-0.22093941888826343,0.6391153266284018,1.074005825999941,1.1070102730461424,0.6622413344240977,1.3279496919344058
ABC,email-Eu,tags-math-sx,1.1319030898951705,1.107722676311411,0.8166804613676841,0.9584060329901998,1.1735829672064684,1.3159886348714256,0.9360634336194344,0.49930817350374146
ABC,email-Eu,tags-ask-ubuntu,1.1923896562998082,1.1892477843760663,0.9836692263806229,0.9630192113910349,1.233778878409474,1.2151322628549608,0.9260371166809034,0.23146303647433786
ABC,NDC-classes,contact-primary-school,1.1318799492854903,1.0148398585652467,0.11252551009950558,0.26418099511309007,1.0388954017683172,0.29493036643589715,0.3659688406680349,0.18240485633639159
ABC,NDC-classes,contact-high-school,1.3149893580660719,0.9085754014768274,-0.290246626376487,0.01822060125051056,1.021607987144529,0.06859910213219479,0.32145577283060767,0.3588457285086818
ABC,NDC-classes,email-Enron,1.80346655331272,1.8972182007980964,1.1166839454596276,0.6214993637723194,1.3322666385845245,0.41354134433422,0.6078071088575842,-0.7031426011254076
ABC,NDC-classes,email-Eu,1.6725121109900603,1.7171736552813126,1.0664100223050295,0.6539256307064353,1.3261064655329224,0.4849079447102214,0.5914040275380898,-0.5815020775948081
ABC,NDC-classes,NDC-substances,1.9382074303228396,1.9245683092748647,0.9854625740458252,0.8955705080828975,1.4208684403388059,0.44858783541501474,0.7308430423248716,-0.5368747386308104
ABC,NDC-classes,DAWN,1.0417909408473682,1.1037767720285798,2.4832360775891726,0.7721671382656923,1.1445334717573792,3.4584881035642234,0.15661964173322354,0.9752520259750508
ABC,NDC-classes,congress-bills,1.066851977621039,1.1669055561226405,2.496643510963445,0.641040821705394,1.1390060756110636,2.079311346614778,0.3237854784602735,-0.41733216434866716
ABC,NDC-classes,tags-math-sx,1.1319030898951705,1.0654634245424002,0.49629940128337385,0.7429122691835663,1.0768555349353175,0.5826666759391166,0.10790101543161604,0.08636727465574273
ABC,NDC-classes,tags-ask-ubuntu,1.1923896562998082,1.0878904430931973,0.45683559492530207,0.8076208776305982,1.0829202362240424,0.4310015300137791,0.32458732977367283,-0.025834064911522958
ABC,NDC-substances,contact-primary-school,1.1318799492854903,1.0618182794361615,0.4687466121353964,0.6139094277740873,1.0097326157055861,0.07379905556770598,0.5807535279321746,-0.3949475565676904
ABC,NDC-substances,contact-high-school,1.3149893580660719,0.9816716110575596,-0.05818732751788977,0.24152546079096865,1.014607756018053,0.04637539537125879,0.3525534620016668,0.10456272288914856
ABC,NDC-substances,email-Enron,1.80346655331272,1.6113750647584473,0.7609216117805115,0.7368237084400365,1.3593272252656692,0.44722113669094343,0.7379964501299772,-0.3137004750895681
ABC,NDC-substances,email-Eu,1.6725121109900603,1.7531567943334552,1.1199155851999025,0.8221471333092745,1.1614254648384539,0.2400335431889936,0.7191609008690615,-0.8798820420109089
ABC,NDC-substances,NDC-classes,4.08325149712881,2.3943652744677486,0.45223857858050553,0.8094065357579454,2.91416195619726,0.6208257607203852,0.9031321508654818,0.16858718213987967
ABC,NDC-substances,DAWN,1.0417909408473682,1.0879422516524195,2.104337683461311,0.9466010513600475,1.07950728272554,1.9025004250543698,0.9595440168176367,-0.201837258406941
ABC,NDC-substances,congress-bills,1.066851977621039,1.0889309273691057,1.3302662170029538,0.8105180708438249,1.0634376179027163,0.9489265712126341,0.8896350457205828,-0.38133964579031965
ABC,NDC-substances,tags-math-sx,1.1319030898951705,1.177776428513734,1.3477806217808932,0.950655911824676,1.1554662951792547,1.1786402828228735,0.9538453126774237,-0.16914033895801972
ABC,NDC-substances,tags-ask-ubuntu,1.1923896562998082,1.2539776423776625,1.3201210879127483,0.9599422005648593,1.2509552549188074,1.304411368809424,0.9646022441039968,-0.015709719103324193
ABC,DAWN,contact-primary-school,1.1318799492854903,1.0355869360623962,0.26984341634343884,0.7317113304212409,1.0317063093205996,0.24041796719198455,0.5985151682774151,-0.029425449151454286
ABC,DAWN,contact-high-school,1.3149893580660719,0.9875734893852111,-0.03945057284183668,0.32515464312920433,1.032468790772063,0.10307900867321518,0.33873804322090745,0.14252958151505185
ABC,DAWN,email-Enron,1.80346655331272,1.1563468621324935,0.19459038025648986,0.5916795765600754,1.6286597512187504,0.782434251465434,0.6580320728090857,0.5878438712089441
ABC,DAWN,email-Eu,1.6725121109900603,1.3550475330706553,0.5279422143758284,0.8525547993138957,1.3562726818061899,0.5297639640744783,0.7287324730248886,0.0018217496986498993
ABC,DAWN,NDC-classes,4.08325149712881,2.0615118345064793,0.34428324627263845,0.7390878969344092,2.1421600946641006,0.3704401329984611,0.8080011487513787,0.02615688672582267
ABC,DAWN,NDC-substances,1.9382074303228396,1.6562614586056101,0.6994843969417177,0.9377408902354707,1.689092580153837,0.7344778541315948,0.9428110733500856,0.03499345718987712
ABC,DAWN,congress-bills,1.066851977621039,1.0387010000455918,0.5789058367872763,0.9003381658464885,1.0584010553915184,0.8735875507314685,0.8834723872487074,0.2946817139441923
ABC,DAWN,tags-math-sx,1.1319030898951705,1.1013885634597784,0.7686595025208022,0.9666501796415963,1.0726391537380553,0.5507009259281567,0.9200687327816411,-0.2179585765926455
ABC,DAWN,tags-ask-ubuntu,1.1923896562998082,1.158630646761465,0.8245279388319342,0.9718827452802824,1.12513402635305,0.6504197198525522,0.940719816475232,-0.174108218979382
ABC,congress-bills,contact-primary-school,1.1318799492854903,1.0301325641291106,0.22848480221872386,0.7480440706828866,1.0117333416864225,0.08896986805039217,0.4993176430770065,-0.1395149341683317
ABC,congress-bills,contact-high-school,1.3149893580660719,0.9844719656423693,-0.04929701261327559,0.34069391440142016,1.0179847370386008,0.05709633223490794,0.378711169093231,0.10639334484818352
ABC,congress-bills,email-Enron,1.80346655331272,1.095752725334545,0.11917450071786208,0.4854417395939455,1.0789319058891127,0.09823919311099354,0.21376611463411455,-0.020935307606868542
ABC,congress-bills,email-Eu,1.6725121109900603,1.3140155863352876,0.4669292659622136,0.7816960257580661,1.3669625631506457,0.5456594121560279,0.8129734395645191,0.07873014619381424
ABC,congress-bills,NDC-classes,4.08325149712881,2.290529682600421,0.41856127656215847,0.7678660922720661,1.3877106104824102,0.12574731929700014,0.5026520807638076,-0.29281395726515835
ABC,congress-bills,NDC-substances,1.9382074303228396,1.6366649906785844,0.6785972590938726,0.9181880472962233,1.7282737581101262,0.7762395975264503,0.919265928998805,0.09764233843257775
ABC,congress-bills,DAWN,1.0417909408473682,1.035157589100815,0.8412729741888292,0.9640904675617702,1.089042903047992,2.1306747644950295,0.8923650795935277,1.2894017903062003
ABC,congress-bills,tags-math-sx,1.1319030898951705,1.0814557160755982,0.6175421374915085,0.9438659588445943,1.07267321031066,0.5509591198236277,0.8536742055670398,-0.06658301766788088
ABC,congress-bills,tags-ask-ubuntu,1.1923896562998082,1.125312275285598,0.6513462194158662,0.9510157438989477,1.0891488692359514,0.4633766229980022,0.8698373170453118,-0.18796959641786404
ABC,tags-math-sx,contact-primary-school,1.1318799492854903,1.0428001096979513,0.3245384148980735,0.7725637169190759,1.0429899337524318,0.32597778498813546,0.6907172698156933,0.0014393700900619533
ABC,tags-math-sx,contact-high-school,1.3149893580660719,0.9875431102934622,-0.03954701766122795,0.34080760748854305,1.009173087028525,0.029121895053358566,0.29621519915995437,0.06866891271458651
ABC,tags-math-sx,email-Enron,1.80346655331272,1.0350167907289365,0.04358213865227004,0.477062883742821,1.3374519864713739,0.4199950639887221,0.69006089501877,0.37641292533645204
ABC,tags-math-sx,email-Eu,1.6725121109900603,1.2648250231131866,0.39378476429713055,0.8212026474137837,1.3625742653930755,0.5391341798429475,0.7569373033299677,0.14534941554581698
ABC,tags-math-sx,NDC-classes,4.08325149712881,1.8542110813934247,0.2770487850857721,0.6866253631602053,1.7133086866566254,0.23134949819074888,0.6858777866591174,-0.0456992868950232
ABC,tags-math-sx,NDC-substances,1.9382074303228396,1.619809526299316,0.6606316537975381,0.9182515862942529,1.8457004923829088,0.9014003354161255,0.958885023916471,0.24076868161858744
ABC,tags-math-sx,DAWN,1.0417909408473682,0.9957529203778155,-0.10162680083456344,0.9722056564527816,1.0434531771355113,1.0397750386672087,0.9776807509553592,1.1414018395017722
ABC,tags-math-sx,congress-bills,1.066851977621039,1.0222333024619699,0.3325750898201224,0.849141050421359,1.0594073207751291,0.8886396915868203,0.8374175858002739,0.5560646017666979
ABC,tags-math-sx,tags-ask-ubuntu,1.1923896562998082,1.1739493450895475,0.9041512336737874,0.9772635737473032,1.2048035245925297,1.0645246139084343,0.9838193291876435,0.16037338023464698
ABC,tags-ask-ubuntu,contact-primary-school,1.1318799492854903,1.0370433813269526,0.28088713657875364,0.7677372333677182,1.021037806048549,0.15952240020207237,0.6260979016381518,-0.12136473637668127
ABC,tags-ask-ubuntu,contact-high-school,1.3149893580660719,0.9873864682136538,-0.04004431090557784,0.3473597396892222,1.0192135710609185,0.06099752442077188,0.30935044701825126,0.10104183532634972
ABC,tags-ask-ubuntu,email-Enron,1.80346655331272,1.0822316018598612,0.10234601741767285,0.5361389433886615,1.27508044525614,0.3423670146840262,0.6889722498621895,0.24002099726635334
ABC,tags-ask-ubuntu,email-Eu,1.6725121109900603,1.2994829883177001,0.44531984394571966,0.8495237911645995,1.3782520274979775,0.5624464174200843,0.8247709933096342,0.11712657347436461
ABC,tags-ask-ubuntu,NDC-classes,4.08325149712881,1.8802865293929536,0.2855059116042578,0.7133208788016082,1.9318773765966013,0.3022385223730161,0.7590580943702606,0.016732610768758316
ABC,tags-ask-ubuntu,NDC-substances,1.9382074303228396,1.621204761763872,0.6621187827835833,0.9300922192626624,1.8566621553430593,0.9130839595336393,0.9620585411821598,0.25096517675005603
ABC,tags-ask-ubuntu,DAWN,1.0417909408473682,0.999690674034634,-0.007401746864129669,0.9726470079492648,1.0346249618608332,0.8285279335369088,0.9738219403405398,0.8359296804010384
ABC,tags-ask-ubuntu,congress-bills,1.066851977621039,1.0147118542078226,0.22006610322314002,0.8227557143739141,1.038506465888379,0.5759959130402829,0.8402367456749941,0.35592980981714284
ABC,tags-ask-ubuntu,tags-math-sx,1.1319030898951705,1.1001394287481079,0.75918940813057,0.9736126240458194,1.108880076282947,0.8254550850133909,0.9829601379505061,0.06626567688282092
