block,lam,train,test,learned_over_loc,perfect_over_loc,capture,pred_corr
A,0.1,contact-primary-school,contact-high-school,0.9895330480072276,1.3149893580660719,-0.0332295416487589,0.3081924228620898
A,0.1,contact-primary-school,email-Enron,1.0422176091983384,1.80346655331272,0.05254432685999653,0.4808239923327607
A,0.1,contact-primary-school,email-Eu,1.2993106311897722,1.6725121109900603,0.44506355543416526,0.8193579084142227
A,0.1,contact-primary-school,NDC-classes,1.499677509393203,4.08325149712881,0.16206187197460653,0.6267802733329663
A,0.1,contact-primary-school,NDC-substances,1.6052733674206174,1.9382074303228396,0.6451381089705731,0.8842740925865927
A,0.1,contact-primary-school,DAWN,0.9912189247096331,1.0417909408473682,-0.21011910984339216,0.9357820491382678
A,0.1,contact-primary-school,congress-bills,1.0110896390586486,1.066851977621039,0.1658834854746099,0.6234867263253635
A,0.1,contact-primary-school,tags-math-sx,1.1377303571679556,1.1319030898951705,1.044178398530438,0.9482261994558421
A,0.1,contact-primary-school,tags-ask-ubuntu,1.2220422971732863,1.1923896562998082,1.1541280412044046,0.9448695602220223
A,0.1,contact-high-school,contact-primary-school,1.0284501167364801,1.1318799492854903,0.21572738608575023,0.7255644265177709
A,0.1,contact-high-school,email-Enron,1.0110822448434618,1.80346655331272,0.013793038176597754,0.4009538661835391
A,0.1,contact-high-school,email-Eu,1.1794776810403624,1.6725121109900603,0.26687650394301243,0.7385475102912762
A,0.1,contact-high-school,NDC-classes,1.8360297030134491,4.08325149712881,0.27115196531712643,0.6735578544933468
A,0.1,contact-high-school,NDC-substances,1.5638630408795864,1.9382074303228396,0.6010003999707823,0.9002723241160908
A,0.1,contact-high-school,DAWN,1.0364992685128107,1.0417909408473682,0.8733775256727497,0.9654929275296523
A,0.1,contact-high-school,congress-bills,1.032678685289661,1.066851977621039,0.48882151961016457,0.8817196346325249
A,0.1,contact-high-school,tags-math-sx,1.0885515308325862,1.1319030898951705,0.6713378049214931,0.9334245632515571
A,0.1,contact-high-school,tags-ask-ubuntu,1.1360415503672017,1.1923896562998082,0.7071146806104944,0.9354740203422345
A,0.1,email-Enron,contact-primary-school,1.0265745995012527,1.1318799492854903,0.20150598817508442,0.7627463432978505
A,0.1,email-Enron,contact-high-school,0.9614958876946293,1.3149893580660719,-0.12223940688591158,0.2498039335735639
A,0.1,email-Enron,email-Eu,1.206468910545851,1.6725121109900603,0.3070114384139361,0.8049569252737359
A,0.1,email-Enron,NDC-classes,1.433135519303916,4.08325149712881,0.1404801131880617,0.6033396551540889
A,0.1,email-Enron,NDC-substances,1.396169615080251,1.9382074303228396,0.42226228686328776,0.8402933199533117
A,0.1,email-Enron,DAWN,0.958878425966364,1.0417909408473682,-0.9839829685534742,0.7881849406556044
A,0.1,email-Enron,congress-bills,0.9787595790713666,1.066851977621039,-0.3177231502265813,0.5670384359489006
A,0.1,email-Enron,tags-math-sx,1.054099517637659,1.1319030898951705,0.41014594639636165,0.8799389694369769
A,0.1,email-Enron,tags-ask-ubuntu,1.1106936243107495,1.1923896562998082,0.5753616199524331,0.8860532011957298
A,0.1,email-Eu,contact-primary-school,1.0718117980899207,1.1318799492854903,0.5445240044372807,0.7771684424139397
A,0.1,email-Eu,contact-high-school,0.9821504452605335,1.3149893580660719,-0.056667167580062724,0.2990718152980188
A,0.1,email-Eu,email-Enron,1.0739689664436567,1.80346655331272,0.09206228453279121,0.49668120800709536
A,0.1,email-Eu,NDC-classes,1.7289518082699453,4.08325149712881,0.23642307769857923,0.6757461572141533
A,0.1,email-Eu,NDC-substances,1.7262167676175633,1.9382074303228396,0.7740471287545337,0.9036585940283108
A,0.1,email-Eu,DAWN,0.9673688014083358,1.0417909408473682,-0.7808199080954438,0.9279106888896631
A,0.1,email-Eu,congress-bills,1.0175768041367033,1.066851977621039,0.2629212292916771,0.7333565833400334
A,0.1,email-Eu,tags-math-sx,1.1528003371348592,1.1319030898951705,1.1584287923527543,0.9436356115835205
A,0.1,email-Eu,tags-ask-ubuntu,1.242921922807419,1.1923896562998082,1.2626558385699516,0.940835906473322
A,0.1,NDC-classes,contact-primary-school,1.0035426370319147,1.1318799492854903,0.02686259018985289,0.7438535838465365
A,0.1,NDC-classes,contact-high-school,0.9598179004965064,1.3149893580660719,-0.12756653034311416,0.3239514726867634
A,0.1,NDC-classes,email-Enron,0.9848810257798059,1.80346655331272,-0.018817179331060016,0.4723124785623647
A,0.1,NDC-classes,email-Eu,1.1322320022879924,1.6725121109900603,0.19662397171304885,0.7731647046220194
A,0.1,NDC-classes,NDC-substances,1.3835603921374515,1.9382074303228396,0.4088225905495839,0.8881982043816324
A,0.1,NDC-classes,DAWN,0.9333702250455276,1.0417909408473682,-1.594359294226524,0.9418158221727028
A,0.1,NDC-classes,congress-bills,0.9766115056523658,1.066851977621039,-0.349854935933468,0.7548358754399923
A,0.1,NDC-classes,tags-math-sx,0.985907170903354,1.1319030898951705,-0.10684229693061945,0.9256648719229092
A,0.1,NDC-classes,tags-ask-ubuntu,1.0042963118302044,1.1923896562998082,0.0223313036305304,0.9156865852397309
A,0.1,NDC-substances,contact-primary-school,1.0599595648266957,1.1318799492854903,0.4546526227189914,0.7750820308747476
A,0.1,NDC-substances,contact-high-school,0.9881799191550966,1.3149893580660719,-0.03752533392707195,0.33945313347055983
A,0.1,NDC-substances,email-Enron,1.045679167409815,1.80346655331272,0.056852606025077405,0.472106644113372
A,0.1,NDC-substances,email-Eu,1.350899561933114,1.6725121109900603,0.5217743386309072,0.826406651489505
A,0.1,NDC-substances,NDC-classes,1.8624936044509994,4.08325149712881,0.2797350800783433,0.7300619303018769
A,0.1,NDC-substances,DAWN,0.9734789152085968,1.0417909408473682,-0.634613249992753,0.9656793270880715
A,0.1,NDC-substances,congress-bills,1.0196849073477205,1.066851977621039,0.29445512381559685,0.825374945022305
A,0.1,NDC-substances,tags-math-sx,1.134241375002409,1.1319030898951705,1.0177272959192751,0.9684628390130428
A,0.1,NDC-substances,tags-ask-ubuntu,1.2152608353009897,1.1923896562998082,1.1188794628622887,0.9708556246854501
A,0.1,DAWN,contact-primary-school,1.0301395179176465,1.1318799492854903,0.22853753038986402,0.7573833542528405
A,0.1,DAWN,contact-high-school,0.9903052278253368,1.3149893580660719,-0.03077809432733161,0.35867860018850223
A,0.1,DAWN,email-Enron,1.0255170639098914,1.80346655331272,0.03175871329638261,0.4612954921164355
A,0.1,DAWN,email-Eu,1.212760277285215,1.6725121109900603,0.3163664621176758,0.7974861101523864
A,0.1,DAWN,NDC-classes,1.8785105463367047,4.08325149712881,0.2849299018113808,0.6975445831417014
A,0.1,DAWN,NDC-substances,1.5813355048175803,1.9382074303228396,0.6196236418822022,0.9207543691515908
A,0.1,DAWN,congress-bills,1.0177157309528897,1.066851977621039,0.2649993550424808,0.8785951939936961
A,0.1,DAWN,tags-math-sx,1.0804228151434496,1.1319030898951705,0.6097113813434192,0.9665003426623301
A,0.1,DAWN,tags-ask-ubuntu,1.1345015803836436,1.1923896562998082,0.699110248287177,0.9698181550360738
A,0.1,congress-bills,contact-primary-school,1.033955989808431,1.1318799492854903,0.2574765155158189,0.7224031390741685
A,0.1,congress-bills,contact-high-school,1.002157105027398,1.3149893580660719,0.006848183826405983,0.37035409292053645
A,0.1,congress-bills,email-Enron,0.9979508898929211,1.80346655331272,-0.0025503365368854686,0.38930726945725097
A,0.1,congress-bills,email-Eu,1.223544547403897,1.6725121109900603,0.3324022627262412,0.7993471559816651
A,0.1,congress-bills,NDC-classes,1.6248775330912912,4.08325149712881,0.20266836282190753,0.7448628989984992
A,0.1,congress-bills,NDC-substances,1.6530330373068511,1.9382074303228396,0.6960433441484691,0.9400421163856296
A,0.1,congress-bills,DAWN,1.0248632711253902,1.0417909408473682,0.5949440386182637,0.9609157003089179
A,0.1,congress-bills,tags-math-sx,1.0910984076641639,1.1319030898951705,0.6906465021900852,0.935784481490129
A,0.1,congress-bills,tags-ask-ubuntu,1.1434813601214988,1.1923896562998082,0.7457852094600466,0.9388570926168708
A,0.1,tags-math-sx,contact-primary-school,1.0394800656727161,1.1318799492854903,0.2993636704185463,0.7703638405312709
A,0.1,tags-math-sx,contact-high-school,0.9856391204771439,1.3149893580660719,-0.04559163398734194,0.34015630894010396
A,0.1,tags-math-sx,email-Enron,1.0386944580116428,1.80346655331272,0.048159388654206284,0.48165333463904214
A,0.1,tags-math-sx,email-Eu,1.257223567672684,1.6725121109900603,0.3824816883877437,0.818385756665604
A,0.1,tags-math-sx,NDC-classes,1.8406118246606982,4.08325149712881,0.27263809826849805,0.6884599533261826
A,0.1,tags-math-sx,NDC-substances,1.6176460746288728,1.9382074303228396,0.6583257120617124,0.9204108478691013
A,0.1,tags-math-sx,DAWN,0.99763177338482,1.0417909408473682,-0.056668420647177885,0.9728187271641155
A,0.1,tags-math-sx,congress-bills,1.0148785787480923,1.066851977621039,0.22256003902283727,0.8422001077144934
A,0.1,tags-math-sx,tags-ask-ubuntu,1.1663778847407822,1.1923896562998082,0.8647964133867423,0.9774530907005168
A,0.1,tags-ask-ubuntu,contact-primary-school,1.0382015233416364,1.1318799492854903,0.2896689265396875,0.7685973552284014
A,0.1,tags-ask-ubuntu,contact-high-school,0.9844274425768831,1.3149893580660719,-0.04943836045359486,0.3393198627420219
A,0.1,tags-ask-ubuntu,email-Enron,1.038237371728842,1.80346655331272,0.04759049592193728,0.4819587288931301
A,0.1,tags-ask-ubuntu,email-Eu,1.253750248881332,1.6725121109900603,0.3773169950913826,0.8198975054039556
A,0.1,tags-ask-ubuntu,NDC-classes,1.8410413654280449,4.08325149712881,0.27277741248524184,0.6981833858458719
A,0.1,tags-ask-ubuntu,NDC-substances,1.6125319220326573,1.9382074303228396,0.6528747292289974,0.9212936791275792
A,0.1,tags-ask-ubuntu,DAWN,0.9965449964641832,1.0417909408473682,-0.08267350449073282,0.9725059058741833
A,0.1,tags-ask-ubuntu,congress-bills,1.0138305117039932,1.066851977621039,0.20688261134761976,0.8447412662674124
A,0.1,tags-ask-ubuntu,tags-math-sx,1.0951535563685126,1.1319030898951705,0.7213898965076221,0.9736056387487394
A,1.0,contact-primary-school,contact-high-school,0.9895373567613118,1.3149893580660719,-0.033215862602232867,0.3082182150848923
A,1.0,contact-primary-school,email-Enron,1.0422181509150361,1.80346655331272,0.05254500108432545,0.48082728213559056
A,1.0,contact-primary-school,email-Eu,1.2992906185272277,1.6725121109900603,0.4450337973640615,0.8193634752521396
A,1.0,contact-primary-school,NDC-classes,1.4998945250325315,4.08325149712881,0.16213225729332947,0.6268884959072557
A,1.0,contact-primary-school,NDC-substances,1.6053099209378243,1.9382074303228396,0.6451770699892406,0.8843320309310311
A,1.0,contact-primary-school,DAWN,0.9912385514545036,1.0417909408473682,-0.2096494687089147,0.9358223202493808
A,1.0,contact-primary-school,congress-bills,1.0111016811877949,1.066851977621039,0.1660636167074443,0.6236726238251127
A,1.0,contact-primary-school,tags-math-sx,1.1377257419324434,1.1319030898951705,1.0441434089368216,0.9482528110122577
A,1.0,contact-primary-school,tags-ask-ubuntu,1.2220339627625123,1.1923896562998082,1.1540847207321179,0.9449005607154418
A,1.0,contact-high-school,contact-primary-school,1.0284422652572136,1.1318799492854903,0.2156678510365706,0.7255810814342567
A,1.0,contact-high-school,email-Enron,1.0110842647404497,1.80346655331272,0.01379555215428552,0.4009910163396749
A,1.0,contact-high-school,email-Eu,1.1794571947290589,1.6725121109900603,0.26684604157516983,0.7385717226090478
A,1.0,contact-high-school,NDC-classes,1.836044274252021,4.08325149712881,0.271156691249664,0.6735668594626328
A,1.0,contact-high-school,NDC-substances,1.5638114324017118,1.9382074303228396,0.6009453924359807,0.9002878001865553
A,1.0,contact-high-school,DAWN,1.0364857234867515,1.0417909408473682,0.8730534117431619,0.9655057313857236
A,1.0,contact-high-school,congress-bills,1.0326679864645834,1.066851977621039,0.4886614820845988,0.8817533724443806
A,1.0,contact-high-school,tags-math-sx,1.0885241900246472,1.1319030898951705,0.6711305254107499,0.9334426470684567
A,1.0,contact-high-school,tags-ask-ubuntu,1.1360060943037273,1.1923896562998082,0.7069303876284483,0.9354922622714574
A,1.0,email-Enron,contact-primary-school,1.0266005075416624,1.1318799492854903,0.20170243987642386,0.762855340544809
A,1.0,email-Enron,contact-high-school,0.9616267284587825,1.3149893580660719,-0.12182402534744796,0.25008768420161537
A,1.0,email-Enron,email-Eu,1.2064434296754771,1.6725121109900603,0.3069735493262044,0.8052295129756715
A,1.0,email-Enron,NDC-classes,1.4338689687458641,4.08325149712881,0.1407179949964809,0.6037195257355811
A,1.0,email-Enron,NDC-substances,1.3966339712452078,1.9382074303228396,0.42275722662815096,0.8408028552665466
A,1.0,email-Enron,DAWN,0.9591860526719004,1.0417909408473682,-0.9766218826506717,0.7895545550796579
A,1.0,email-Enron,congress-bills,0.9789303634879426,1.066851977621039,-0.3151684850894608,0.5680983494765968
A,1.0,email-Enron,tags-math-sx,1.0543098214680313,1.1319030898951705,0.4117403277754436,0.8805580089352245
A,1.0,email-Enron,tags-ask-ubuntu,1.1109446229111064,1.1923896562998082,0.576666256621495,0.886658450409883
A,1.0,email-Eu,contact-primary-school,1.0718113466483448,1.1318799492854903,0.5445205813120949,0.7771676190385894
A,1.0,email-Eu,contact-high-school,0.9821554975067012,1.3149893580660719,-0.05665112816146565,0.2990786232645806
A,1.0,email-Eu,email-Enron,1.0739693365258534,1.80346655331272,0.09206274513963929,0.49667614450448094
A,1.0,email-Eu,NDC-classes,1.7289829997036754,4.08325149712881,0.23643319410775282,0.6757537459969022
A,1.0,email-Eu,NDC-substances,1.7262327737741754,1.9382074303228396,0.7740641891146363,0.9036633555751075
A,1.0,email-Eu,DAWN,0.9673844768958855,1.0417909408473682,-0.780444815139128,0.9279210096136672
A,1.0,email-Eu,congress-bills,1.0175824721020106,1.066851977621039,0.2630060131007583,0.7333868435024851
A,1.0,email-Eu,tags-math-sx,1.1528088263906169,1.1319030898951705,1.1584931521472401,0.9436413431083303
A,1.0,email-Eu,tags-ask-ubuntu,1.2429333843453207,1.1923896562998082,1.2627154131755831,0.9408417213958049
A,1.0,NDC-classes,contact-primary-school,1.0035231825292659,1.1318799492854903,0.02671507343120805,0.7438174097278181
A,1.0,NDC-classes,contact-high-school,0.9598444510785702,1.3149893580660719,-0.12748223993334662,0.3239949025342929
A,1.0,NDC-classes,email-Enron,0.984867724241747,1.80346655331272,-0.018833734516841,0.47226542468701554
A,1.0,NDC-classes,email-Eu,1.132107919536984,1.6725121109900603,0.19643946536887966,0.7731197942713913
A,1.0,NDC-classes,NDC-substances,1.3834352962228895,1.9382074303228396,0.40868925552097624,0.8882029139791489
A,1.0,NDC-classes,DAWN,0.933440960375673,1.0417909408473682,-1.5926666946173456,0.9418520047418948
A,1.0,NDC-classes,congress-bills,0.9766365331567681,1.066851977621039,-0.34948056399574856,0.7550136075020493
A,1.0,NDC-classes,tags-math-sx,0.985881400653334,1.1319030898951705,-0.10703766953364581,0.9256437733851982
A,1.0,NDC-classes,tags-ask-ubuntu,1.0042345468795981,1.1923896562998082,0.02201026271911035,0.9156539963643998
A,1.0,NDC-substances,contact-primary-school,1.0599571900369702,1.1318799492854903,0.4546346155106295,0.7750814750125035
A,1.0,NDC-substances,contact-high-school,0.9881785144029717,1.3149893580660719,-0.037529793608292866,0.33945324769853163
A,1.0,NDC-substances,email-Enron,1.0456766959935189,1.80346655331272,0.0568495300833523,0.4721067694197818
A,1.0,NDC-substances,email-Eu,1.3508911030078967,1.6725121109900603,0.5217617605299645,0.8264062166494924
A,1.0,NDC-substances,NDC-classes,1.8624928888401566,4.08325149712881,0.27973484798218,0.7300635239077486
A,1.0,NDC-substances,DAWN,0.973477716310198,1.0417909408473682,-0.6346419379900671,0.9656803754021476
A,1.0,NDC-substances,congress-bills,1.0196832206853632,1.066851977621039,0.29442989401062536,0.8253777350889754
A,1.0,NDC-substances,tags-math-sx,1.1342353698586753,1.1319030898951705,1.0176817689817457,0.9684634139535516
A,1.0,NDC-substances,tags-ask-ubuntu,1.2152528806858396,1.1923896562998082,1.1188381164858612,0.9708563764220496
A,1.0,DAWN,contact-primary-school,1.0301390131330586,1.1318799492854903,0.22853370278308496,0.7573832782409531
A,1.0,DAWN,contact-high-school,0.9903045353952816,1.3149893580660719,-0.03078029259224898,0.3586780280332495
A,1.0,DAWN,email-Enron,1.0255166535857567,1.80346655331272,0.031758202604141625,0.4612961999623471
A,1.0,DAWN,email-Eu,1.2127590427693837,1.6725121109900603,0.316364626439461,0.7974863884129682
A,1.0,DAWN,NDC-classes,1.8785099831912873,4.08325149712881,0.2849297191647761,0.6975451818817624
A,1.0,DAWN,NDC-substances,1.5813325663850228,1.9382074303228396,0.6196205099174975,0.9207543037282965
A,1.0,DAWN,congress-bills,1.0177149703289952,1.066851977621039,0.2649879773103388,0.8785945541770072
A,1.0,DAWN,tags-math-sx,1.0804209286437751,1.1319030898951705,0.6096970791790349,0.9665003770439051
A,1.0,DAWN,tags-ask-ubuntu,1.1344990401467594,1.1923896562998082,0.699097044682924,0.9698181443813502
A,1.0,congress-bills,contact-primary-school,1.033955713974168,1.1318799492854903,0.25747442396009357,0.7224033824643893
A,1.0,congress-bills,contact-high-school,1.002156759352032,1.3149893580660719,0.006847086407216232,0.3703537076467694
A,1.0,congress-bills,email-Enron,0.9979507440000319,1.80346655331272,-0.0025505181161791088,0.389306660880341
A,1.0,congress-bills,email-Eu,1.2235437328871575,1.6725121109900603,0.3324010515707448,0.7993472986716756
A,1.0,congress-bills,NDC-classes,1.6248760296816283,4.08325149712881,0.20266787521664265,0.7448630327409984
A,1.0,congress-bills,NDC-substances,1.653031161139161,1.9382074303228396,0.6960413444119189,0.9400421856846596
A,1.0,congress-bills,DAWN,1.0248627365331322,1.0417909408473682,0.5949312465574205,0.9609159799146223
A,1.0,congress-bills,tags-math-sx,1.0910974867859682,1.1319030898951705,0.6906395207145456,0.9357847074709725
A,1.0,congress-bills,tags-ask-ubuntu,1.1434801383121094,1.1923896562998082,0.7457788587579717,0.9388572744602531
A,1.0,tags-math-sx,contact-primary-school,1.0394800141802094,1.1318799492854903,0.2993632799686941,0.7703633374706671
A,1.0,tags-math-sx,contact-high-school,0.985639833481461,1.3149893580660719,-0.04558937040510055,0.3401573853148859
A,1.0,tags-math-sx,email-Enron,1.0386945693067455,1.80346655331272,0.048159527172856785,0.4816522905200678
A,1.0,tags-math-sx,email-Eu,1.2572224878295999,1.6725121109900603,0.38248008270203726,0.8183853040921643
A,1.0,tags-math-sx,NDC-classes,1.8406147902033805,4.08325149712881,0.27263906009165295,0.688460483439812
A,1.0,tags-math-sx,NDC-substances,1.617646810661052,1.9382074303228396,0.6583264965707191,0.920410855165484
A,1.0,tags-math-sx,DAWN,0.9976337021190577,1.0417909408473682,-0.056622268677431635,0.9728190813138702
A,1.0,tags-math-sx,congress-bills,1.014879358779363,1.066851977621039,0.22257170705867474,0.842203100213523
A,1.0,tags-math-sx,tags-ask-ubuntu,1.1663785945265783,1.1923896562998082,0.8648001027004496,0.9774531150896226
A,1.0,tags-ask-ubuntu,contact-primary-school,1.0382015452215079,1.1318799492854903,0.28966909244717826,0.7685969336936529
A,1.0,tags-ask-ubuntu,contact-high-school,0.9844281803338756,1.3149893580660719,-0.04943601828877689,0.3393209069669181
A,1.0,tags-ask-ubuntu,email-Enron,1.0382374912919472,1.80346655331272,0.04759064473100058,0.4819577567016936
A,1.0,tags-ask-ubuntu,email-Eu,1.2537494225798786,1.6725121109900603,0.377315766412464,0.8198971020227026
A,1.0,tags-ask-ubuntu,NDC-classes,1.8410434341964776,4.08325149712881,0.2727780834549745,0.6981836620122119
A,1.0,tags-ask-ubuntu,NDC-substances,1.6125328892179627,1.9382074303228396,0.652875760115424,0.9212937407086033
A,1.0,tags-ask-ubuntu,DAWN,0.9965468856066476,1.0417909408473682,-0.08262829989791542,0.9725062459492014
A,1.0,tags-ask-ubuntu,congress-bills,1.0138313048774017,1.066851977621039,0.2068944759690825,0.8447438095797516
A,1.0,tags-ask-ubuntu,tags-math-sx,1.0951544346435154,1.1319030898951705,0.721396554994572,0.9736056426560126
A,10.0,contact-primary-school,contact-high-school,0.9895800081959277,1.3149893580660719,-0.03308045664795629,0.3084747663832477
A,10.0,contact-primary-school,email-Enron,1.0422233994013033,1.80346655331272,0.052551533386442466,0.4808599496483647
A,10.0,contact-primary-school,email-Eu,1.2990904409355326,1.6725121109900603,0.4447361408781427,0.8194185119863296
A,10.0,contact-primary-school,NDC-classes,1.5020542766131186,4.08325149712881,0.16283273585714378,0.6279569758157545
A,10.0,contact-primary-school,NDC-substances,1.6056713421297442,1.9382074303228396,0.645562295239264,0.8849066029309253
A,10.0,contact-primary-school,DAWN,0.9914335520779826,1.0417909408473682,-0.2049833707574188,0.9362218750218623
A,10.0,contact-primary-school,congress-bills,1.0112211099594977,1.066851977621039,0.16785008250775002,0.6255222900552354
A,10.0,contact-primary-school,tags-math-sx,1.1376788272953275,1.1319030898951705,1.0437877338942345,0.9485170410008609
A,10.0,contact-primary-school,tags-ask-ubuntu,1.221949649183144,1.1923896562998082,1.153646476904514,0.9452085114211652
A,10.0,contact-high-school,contact-primary-school,1.0283642640907094,1.1318799492854903,0.2150763951941408,0.7257459274873825
A,10.0,contact-high-school,email-Enron,1.0111044402047886,1.80346655331272,0.013820662676006408,0.4013596478363854
A,10.0,contact-high-school,email-Eu,1.1792535136159965,1.6725121109900603,0.26654317548587,0.7388120485693728
A,10.0,contact-high-school,NDC-classes,1.8361873840708391,4.08325149712881,0.27120310647688484,0.6736544408049825
A,10.0,contact-high-school,NDC-substances,1.5632980499694649,1.9382074303228396,0.6003981974174224,0.9004407567542211
A,10.0,contact-high-school,DAWN,1.0363513431385463,1.0417909408473682,0.8698378739859234,0.9656325617961874
A,10.0,contact-high-school,congress-bills,1.0325617217036873,1.066851977621039,0.48707192909488156,0.8820866880068036
A,10.0,contact-high-school,tags-math-sx,1.0882526413821016,1.1319030898951705,0.6690718272956312,0.9336220076628274
A,10.0,contact-high-school,tags-ask-ubuntu,1.1356539134714911,1.1923896562998082,0.7050998275088991,0.935673338048398
A,10.0,email-Enron,contact-primary-school,1.0268426239591708,1.1318799492854903,0.20353832485226842,0.7638857942343177
A,10.0,email-Enron,contact-high-school,0.9628840935678264,1.3149893580660719,-0.11783225522301027,0.25283934153896925
A,10.0,email-Enron,email-Eu,1.206168222402314,1.6725121109900603,0.30656432654989196,0.8077921421608039
A,10.0,email-Enron,NDC-classes,1.4409486987912608,4.08325149712881,0.14301418460410437,0.6073154210424155
A,10.0,email-Enron,NDC-substances,1.4010493717207884,1.9382074303228396,0.427463435865975,0.8456088387096311
A,10.0,email-Enron,DAWN,0.9621376698948902,1.0417909408473682,-0.9059937234577508,0.8024264714510341
A,10.0,email-Enron,congress-bills,0.9805678969351042,1.066851977621039,-0.29067357102058805,0.5783852511399235
A,10.0,email-Enron,tags-math-sx,1.056308815511081,1.1319030898951705,0.42689534836395515,0.8864276547784463
A,10.0,email-Enron,tags-ask-ubuntu,1.113323492903267,1.1923896562998082,0.589031110522234,0.8923885084626783
A,10.0,email-Eu,contact-primary-school,1.0718067735855283,1.1318799492854903,0.5444859053599035,0.7771593542874955
A,10.0,email-Eu,contact-high-school,0.982205864982719,1.3149893580660719,-0.05649122601008164,0.2991465705011599
A,10.0,email-Eu,email-Enron,1.0739729533210933,1.80346655331272,0.09206724662787805,0.49662557128331764
A,10.0,email-Eu,NDC-classes,1.7292941771837624,4.08325149712881,0.2365341192124278,0.6758294882946924
A,10.0,email-Eu,NDC-substances,1.7263921427675706,1.9382074303228396,0.7742340545284503,0.9037108247911544
A,10.0,email-Eu,DAWN,0.9675408326044077,1.0417909408473682,-0.7767034370951809,0.9280239113254363
A,10.0,email-Eu,congress-bills,1.0176389723814754,1.066851977621039,0.2638511680456887,0.7336888235024288
A,10.0,email-Eu,tags-math-sx,1.1528933317829968,1.1319030898951705,1.1591338148674772,0.9436985200328537
A,10.0,email-Eu,tags-ask-ubuntu,1.2430474820708215,1.1923896562998082,1.2633084685804068,0.9408997573451393
A,10.0,NDC-classes,contact-primary-school,1.0033294396084063,1.1318799492854903,0.025245987934062478,0.7434550015784523
A,10.0,NDC-classes,contact-high-school,0.9601012675450505,1.3149893580660719,-0.1266669220189348,0.32441506673553966
A,10.0,NDC-classes,email-Enron,0.9847346176007266,1.80346655331272,-0.01899939995801163,0.47180114380451627
A,10.0,NDC-classes,email-Eu,1.1308826563433543,1.6725121109900603,0.1946175454753836,0.7726701984021852
A,10.0,NDC-classes,NDC-substances,1.3821836254417945,1.9382074303228396,0.40735514672942225,0.8882410252041691
A,10.0,NDC-classes,DAWN,0.9341261409663353,1.0417909408473682,-1.576271261138958,0.9422020942821479
A,10.0,NDC-classes,congress-bills,0.9768778991595467,1.066851977621039,-0.3458701098047477,0.7567452887416181
A,10.0,NDC-classes,tags-math-sx,0.9856166338468423,1.1319030898951705,-0.10904495235546675,0.925426749771602
A,10.0,NDC-classes,tags-ask-ubuntu,1.003612285527598,1.1923896562998082,0.018775882222944434,0.9153228739502743
A,10.0,NDC-substances,contact-primary-school,1.059933462925175,1.1318799492854903,0.4544547010359603,0.7750759125313855
A,10.0,NDC-substances,contact-high-school,0.9881644942664785,1.3149893580660719,-0.03757430348183046,0.33945440256787196
A,10.0,NDC-substances,email-Enron,1.0456520048044944,1.80346655331272,0.05681879925962021,0.47210800153326554
A,10.0,NDC-substances,email-Eu,1.3508065707441972,1.6725121109900603,0.5216360642602348,0.8264018638100753
A,10.0,NDC-substances,NDC-classes,1.8624857696849395,4.08325149712881,0.27973253900569084,0.7300794388382582
A,10.0,NDC-substances,DAWN,0.9734657784182204,1.0417909408473682,-0.634927595401352,0.9656908512332115
A,10.0,NDC-substances,congress-bills,1.0196663840273685,1.066851977621039,0.2941780441986404,0.8254056444315286
A,10.0,NDC-substances,tags-math-sx,1.1341753916179318,1.1319030898951705,1.0172270545335,0.9684691517541107
A,10.0,NDC-substances,tags-ask-ubuntu,1.2151734267212564,1.1923896562998082,1.1184251318893328,0.9708638807436355
A,10.0,DAWN,contact-primary-school,1.0301339692174667,1.1318799492854903,0.22849545651730166,0.7573825148385489
A,10.0,DAWN,contact-high-school,0.9902976197384653,1.3149893580660719,-0.03080224780006546,0.35867231377626113
A,10.0,DAWN,email-Enron,1.0255125539321979,1.80346655331272,0.03175310014711718,0.4613032666532562
A,10.0,DAWN,email-Eu,1.2127467024735328,1.6725121109900603,0.3163462768876101,0.7974891644401205
A,10.0,DAWN,NDC-classes,1.878504356165312,4.08325149712881,0.28492789413493974,0.6975511614748802
A,10.0,DAWN,NDC-substances,1.5813032042531452,1.9382074303228396,0.619589213925877,0.9207536481503407
A,10.0,DAWN,congress-bills,1.0177073733943347,1.066851977621039,0.26487433916632575,0.8785881661847614
A,10.0,DAWN,tags-math-sx,1.080402081614605,1.1319030898951705,0.609554193753188,0.9665007178686553
A,10.0,DAWN,tags-ask-ubuntu,1.1344736608501829,1.1923896562998082,0.6989651285650585,0.969818035440559
A,10.0,congress-bills,contact-primary-school,1.033952956158132,1.1318799492854903,0.2574535123958192,0.7224058158527666
A,10.0,congress-bills,contact-high-school,1.0021533032617391,1.3149893580660719,0.00683611432132082,0.37034985494627537
A,10.0,congress-bills,email-Enron,0.9979492853967507,1.80346655331272,-0.0025523335038579787,0.38930057272401825
A,10.0,congress-bills,email-Eu,1.2235355893100524,1.6725121109900603,0.33238894238048333,0.7993487251212215
A,10.0,congress-bills,NDC-classes,1.6248610002981696,4.08325149712881,0.20266300069263035,0.7448643697372778
A,10.0,congress-bills,NDC-substances,1.6530124028472806,1.9382074303228396,0.6960213506543829,0.9400428783786664
A,10.0,congress-bills,DAWN,1.0248573916064787,1.0417909408473682,0.5948033497801496,0.9609187754270917
A,10.0,congress-bills,tags-math-sx,1.0910882796762027,1.1319030898951705,0.6905697186365745,0.9357869663349843
A,10.0,congress-bills,tags-ask-ubuntu,1.1434679225935547,1.1923896562998082,0.7457153640837275,0.9388590925291499
A,10.0,tags-math-sx,contact-primary-school,1.0394794971447865,1.1318799492854903,0.29935935946807424,0.7703583071842931
A,10.0,tags-math-sx,contact-high-school,0.9856469558218283,1.3149893580660719,-0.045566759036859444,0.3401681387813227
A,10.0,tags-math-sx,email-Enron,1.0386956802124134,1.80346655331272,0.04816090981369395,0.4816418570830723
A,10.0,tags-math-sx,email-Eu,1.257211689696918,1.6725121109900603,0.38246402628832316,0.8183807808249125
A,10.0,tags-math-sx,NDC-classes,1.8406444229376366,4.08325149712881,0.2726486709632551,0.6884657805040856
A,10.0,tags-math-sx,NDC-substances,1.6176541501124289,1.9382074303228396,0.6583343194157953,0.9204109246784524
A,10.0,tags-math-sx,DAWN,0.9976529718144862,1.0417909408473682,-0.05616117124727531,0.9728226180348953
A,10.0,tags-math-sx,congress-bills,1.014887150762444,1.066851977621039,0.22268826281900175,0.8422329987100537
A,10.0,tags-math-sx,tags-ask-ubuntu,1.1663856754140662,1.1923896562998082,0.8648369076286567,0.9774533576916585
A,10.0,tags-ask-ubuntu,contact-primary-school,1.0382017623935837,1.1318799492854903,0.289670739187847,0.7685927186939105
A,10.0,tags-ask-ubuntu,contact-high-school,0.984435551341026,1.3149893580660719,-0.04941261747550599,0.3393313403358699
A,10.0,tags-ask-ubuntu,email-Enron,1.0382386852919145,1.80346655331272,0.047592130791574504,0.4819480411042119
A,10.0,tags-ask-ubuntu,email-Eu,1.253741160699012,1.6725121109900603,0.37730348130899666,0.8198930699500833
A,10.0,tags-ask-ubuntu,NDC-classes,1.8410641041447726,4.08325149712881,0.2727847873999217,0.6981864212897411
A,10.0,tags-ask-ubuntu,NDC-substances,1.6125425446694606,1.9382074303228396,0.65288605149789,0.9212943537458561
A,10.0,tags-ask-ubuntu,DAWN,0.9965657618200284,1.0417909408473682,-0.08217661795445894,0.9725096423897179
A,10.0,tags-ask-ubuntu,congress-bills,1.0138392295773315,1.066851977621039,0.20701301696385682,0.8447692211254686
A,10.0,tags-ask-ubuntu,tags-math-sx,1.0951632061417325,1.1319030898951705,0.7214630545604584,0.9736056799696088
AB,0.1,contact-primary-school,contact-high-school,0.9978471918867,1.3149893580660719,-0.006834542368407302,0.3492506280320128
AB,0.1,contact-primary-school,email-Enron,0.8902881259472231,1.80346655331272,-0.1365481532497291,0.31270356079950423
AB,0.1,contact-primary-school,email-Eu,1.1501872534162616,1.6725121109900603,0.2233227490805461,0.7042535085638251
AB,0.1,contact-primary-school,NDC-classes,1.4481507588325566,4.08325149712881,0.14535004985804248,0.6064717498943011
AB,0.1,contact-primary-school,NDC-substances,1.5176501667468927,1.9382074303228396,0.5517438361885153,0.8602348890588251
AB,0.1,contact-primary-school,DAWN,0.9242251241860753,1.0417909408473682,-1.8131890375637862,0.9153651952628802
AB,0.1,contact-primary-school,congress-bills,1.0005964113603336,1.066851977621039,0.008921371985649656,0.6883287427287974
AB,0.1,contact-primary-school,tags-math-sx,1.1003370375699466,1.1319030898951705,0.760687544542657,0.9457457901528298
AB,0.1,contact-primary-school,tags-ask-ubuntu,1.192655746803967,1.1923896562998082,1.001383081134799,0.9426988909888757
AB,0.1,contact-high-school,contact-primary-school,1.033369535233329,1.1318799492854903,0.25302963349713964,0.6891628428248814
AB,0.1,contact-high-school,email-Enron,0.8085895677305686,1.80346655331272,-0.23823074088179486,0.20443321053561253
AB,0.1,contact-high-school,email-Eu,0.9986830466637461,1.6725121109900603,-0.001958259657681299,0.6009658738967817
AB,0.1,contact-high-school,NDC-classes,1.2933017591274472,4.08325149712881,0.09512741967386575,0.5637172854241864
AB,0.1,contact-high-school,NDC-substances,1.4506351762978529,1.9382074303228396,0.4803150793026529,0.8598703428045392
AB,0.1,contact-high-school,DAWN,0.874327114360129,1.0417909408473682,-3.007180099123928,0.9215748043828798
AB,0.1,contact-high-school,congress-bills,0.9436687533678066,1.066851977621039,-0.8426264807230673,0.32437226602065555
AB,0.1,contact-high-school,tags-math-sx,1.0793904973117996,1.1319030898951705,0.6018850458688639,0.9235783245613051
AB,0.1,contact-high-school,tags-ask-ubuntu,1.1461355195636653,1.1923896562998082,0.759580958634994,0.9356101240720756
AB,0.1,email-Enron,contact-primary-school,1.0493155760811985,1.1318799492854903,0.3739429408972659,0.6381791029887504
AB,0.1,email-Enron,contact-high-school,0.9548731936585679,1.3149893580660719,-0.1432645427086661,0.20890161271173752
AB,0.1,email-Enron,email-Eu,1.6722553421742916,1.6725121109900603,0.9996181945104444,0.8197250295804952
AB,0.1,email-Enron,NDC-classes,2.023100046995452,4.08325149712881,0.33182503858286766,0.7577392160745153
AB,0.1,email-Enron,NDC-substances,1.8164157539936763,1.9382074303228396,0.8701868346030318,0.939089878139949
AB,0.1,email-Enron,DAWN,1.0521537558438827,1.0417909408473682,1.2479679755084307,0.9252161391811226
AB,0.1,email-Enron,congress-bills,1.055908456983587,1.066851977621039,0.8363022153288113,0.7360151112851445
AB,0.1,email-Enron,tags-math-sx,1.1345460918832277,1.1319030898951705,1.0200374531798895,0.9551254147291418
AB,0.1,email-Enron,tags-ask-ubuntu,1.200268227683943,1.1923896562998082,1.0409511173088082,0.9622935123602663
AB,0.1,email-Eu,contact-primary-school,1.0625865942996684,1.1318799492854903,0.4745724777629582,0.7265981836891464
AB,0.1,email-Eu,contact-high-school,0.9784530890139214,1.3149893580660719,-0.06840520301501417,0.2824296442165939
AB,0.1,email-Eu,email-Enron,1.2619909897087043,1.80346655331272,0.3260757882559099,0.6561274990308746
AB,0.1,email-Eu,NDC-classes,1.8597692460853157,4.08325149712881,0.27885148094015405,0.7226149721308573
AB,0.1,email-Eu,NDC-substances,1.7805575244197454,1.9382074303228396,0.8319668968632592,0.9329875323873407
AB,0.1,email-Eu,DAWN,1.002647453732695,1.0417909408473682,0.06334994328948591,0.9447043255683291
AB,0.1,email-Eu,congress-bills,1.0331239736456672,1.066851977621039,0.49548233013293475,0.6828769770731693
AB,0.1,email-Eu,tags-math-sx,1.159145146555532,1.1319030898951705,1.2065308453502646,0.9613786112412521
AB,0.1,email-Eu,tags-ask-ubuntu,1.239471990531778,1.1923896562998082,1.2447238335859363,0.9636093247920957
AB,0.1,NDC-classes,contact-primary-school,1.0155179203480544,1.1318799492854903,0.11766701786077917,0.34341729690253675
AB,0.1,NDC-classes,contact-high-school,0.9309184945518352,1.3149893580660719,-0.2193137757805594,0.08873422552840843
AB,0.1,NDC-classes,email-Enron,1.8710293355033605,1.80346655331272,1.0840891035377598,0.6377580769532091
AB,0.1,NDC-classes,email-Eu,1.7133918703000823,1.6725121109900603,1.0607866514847437,0.6770856362374105
AB,0.1,NDC-classes,NDC-substances,1.9062165878521018,1.9382074303228396,0.965902164663384,0.9046235755042872
AB,0.1,NDC-classes,DAWN,1.1107994640659238,1.0417909408473682,2.651279483527142,0.8423421967312854
AB,0.1,NDC-classes,congress-bills,1.1458270592920201,1.066851977621039,2.181342489502163,0.7164960809639273
AB,0.1,NDC-classes,tags-math-sx,1.071150040743313,1.1319030898951705,0.5394114785321498,0.8190224493781035
AB,0.1,NDC-classes,tags-ask-ubuntu,1.0970825013493275,1.1923896562998082,0.5046139341194108,0.8597627447985968
AB,0.1,NDC-substances,contact-primary-school,1.0619061631020177,1.1318799492854903,0.4694130035491963,0.6090041148820753
AB,0.1,NDC-substances,contact-high-school,0.9809087221328288,1.3149893580660719,-0.060609278943216466,0.23771520158649498
AB,0.1,NDC-substances,email-Enron,1.6140188291721291,1.80346655331272,0.7642120591585405,0.7362049098556318
AB,0.1,NDC-substances,email-Eu,1.754394925741519,1.6725121109900603,1.1217566396401581,0.8217933475497363
AB,0.1,NDC-substances,NDC-classes,2.3891718449901216,4.08325149712881,0.4505541783677875,0.8083184116138745
AB,0.1,NDC-substances,DAWN,1.089503921473956,1.0417909408473682,2.1417063042645617,0.9455762643720685
AB,0.1,NDC-substances,congress-bills,1.090812733773091,1.066851977621039,1.358415068704136,0.8089101754164244
AB,0.1,NDC-substances,tags-math-sx,1.178791906941172,1.1319030898951705,1.355479292283951,0.9497272021422057
AB,0.1,NDC-substances,tags-ask-ubuntu,1.2549919891108725,1.1923896562998082,1.3253934437800996,0.9592335692830226
AB,0.1,DAWN,contact-primary-school,1.0359779238103517,1.1318799492854903,0.27280814108039747,0.7219158665803723
AB,0.1,DAWN,contact-high-school,0.9863552860300706,1.3149893580660719,-0.043318015737748475,0.3168876297017448
AB,0.1,DAWN,email-Enron,1.138344025021603,1.80346655331272,0.17218392533106186,0.5764830283985338
AB,0.1,DAWN,email-Eu,1.33521897915889,1.6725121109900603,0.4984579068254795,0.8487236476672577
AB,0.1,DAWN,NDC-classes,2.00306120910241,4.08325149712881,0.32532578352316766,0.726513530892533
AB,0.1,DAWN,NDC-substances,1.6551664999360214,1.9382074303228396,0.6983173216935373,0.9363517346565272
AB,0.1,DAWN,congress-bills,1.0379497649206788,1.066851977621039,0.5676685458103131,0.8871507345103514
AB,0.1,DAWN,tags-math-sx,1.1026972480084631,1.1319030898951705,0.778581063492003,0.9666619726059282
AB,0.1,DAWN,tags-ask-ubuntu,1.161398932598511,1.1923896562998082,0.8389168924289612,0.9715450157191728
AB,0.1,congress-bills,contact-primary-school,1.032424092415573,1.1318799492854903,0.2458606679123158,0.7157021824062427
AB,0.1,congress-bills,contact-high-school,0.976087166371707,1.3149893580660719,-0.07591632230088567,0.3036833527612838
AB,0.1,congress-bills,email-Enron,1.0171433127798626,1.80346655331272,0.021336685029613393,0.40823659877482615
AB,0.1,congress-bills,email-Eu,1.242383682160504,1.6725121109900603,0.3604153415225061,0.7589974994107227
AB,0.1,congress-bills,NDC-classes,2.171050101378626,4.08325149712881,0.37981011359895006,0.7640458363434591
AB,0.1,congress-bills,NDC-substances,1.6601541534950586,1.9382074303228396,0.7036334739620403,0.9180170076848139
AB,0.1,congress-bills,DAWN,1.0395570682850173,1.0417909408473682,0.9465464878977079,0.9537382156590154
AB,0.1,congress-bills,tags-math-sx,1.0880380383712367,1.1319030898951705,0.6674448524382908,0.9382039291327634
AB,0.1,congress-bills,tags-ask-ubuntu,1.1364282268122794,1.1923896562998082,0.7091245414965451,0.945319550140846
AB,0.1,tags-math-sx,contact-primary-school,1.0428187749882685,1.1318799492854903,0.32467994733282385,0.7722901873336476
AB,0.1,tags-math-sx,contact-high-school,0.987475464548784,1.3149893580660719,-0.03976177331231894,0.3405113925220191
AB,0.1,tags-math-sx,email-Enron,1.0336131260832444,1.80346655331272,0.041835127977208675,0.4756502649704911
AB,0.1,tags-math-sx,email-Eu,1.2632477302386413,1.6725121109900603,0.39143938962094343,0.8202184376875834
AB,0.1,tags-math-sx,NDC-classes,1.8511776552866988,4.08325149712881,0.2760649451007593,0.685974863465658
AB,0.1,tags-math-sx,NDC-substances,1.6194943067701972,1.9382074303228396,0.6602956731615605,0.9180409981353808
AB,0.1,tags-math-sx,DAWN,0.9955720773533902,1.0417909408473682,-0.10595412682336623,0.9721506679773488
AB,0.1,tags-math-sx,congress-bills,1.0221842506673475,1.066851977621039,0.3318413524443877,0.8484021509827809
AB,0.1,tags-math-sx,tags-ask-ubuntu,1.1740315355408717,1.1923896562998082,0.9045784419390597,0.9772531193441578
AB,0.1,tags-ask-ubuntu,contact-primary-school,1.0371587279141492,1.1318799492854903,0.2817617698177071,0.7651156647755688
AB,0.1,tags-ask-ubuntu,contact-high-school,0.9863954053015231,1.3149893580660719,-0.04319064866827396,0.34414921894116324
AB,0.1,tags-ask-ubuntu,email-Enron,1.054156259651031,1.80346655331272,0.06740325334980389,0.5077440397607174
AB,0.1,tags-ask-ubuntu,email-Eu,1.2681122570447738,1.6725121109900603,0.3986727564654022,0.834017734538105
AB,0.1,tags-ask-ubuntu,NDC-classes,1.814283716643803,4.08325149712881,0.2640990257856297,0.6975928042576476
AB,0.1,tags-ask-ubuntu,NDC-substances,1.6122574625402293,1.9382074303228396,0.6525821931825352,0.9265085402377619
AB,0.1,tags-ask-ubuntu,DAWN,0.9934732604597976,1.0417909408473682,-0.1561759416721402,0.9717701465257361
AB,0.1,tags-ask-ubuntu,congress-bills,1.0109667636642217,1.066851977621039,0.164045463641906,0.8012652368677233
AB,0.1,tags-ask-ubuntu,tags-math-sx,1.09856214863066,1.1319030898951705,0.747231537252023,0.9736216375062373
AB,1.0,contact-primary-school,contact-high-school,0.997798945801875,1.3149893580660719,-0.006987709717047982,0.3491646082695844
AB,1.0,contact-primary-school,email-Enron,0.8905506113176684,1.80346655331272,-0.13622146215180705,0.31280111005099126
AB,1.0,contact-primary-school,email-Eu,1.1502598078779462,1.6725121109900603,0.22343063481300945,0.7043130882097961
AB,1.0,contact-primary-school,NDC-classes,1.4485394452889708,4.08325149712881,0.1454761136763123,0.6065981569740884
AB,1.0,contact-primary-school,NDC-substances,1.517838429645399,1.9382074303228396,0.5519444985286565,0.8603577763254487
AB,1.0,contact-primary-school,DAWN,0.9244767555486028,1.0417909408473682,-1.8071678435579728,0.915505764814448
AB,1.0,contact-primary-school,congress-bills,1.0005142025516705,1.066851977621039,0.007691658047654014,0.6885361399111889
AB,1.0,contact-primary-school,tags-math-sx,1.1002742216665715,1.1319030898951705,0.7602113168559135,0.9457826318890735
AB,1.0,contact-primary-school,tags-ask-ubuntu,1.1925923275459682,1.1923896562998082,1.0010534414898282,0.9427534484538218
AB,1.0,contact-high-school,contact-primary-school,1.033274550194221,1.1318799492854903,0.2523093948283921,0.6896080635655475
AB,1.0,contact-high-school,email-Enron,0.8094881139557112,1.80346655331272,-0.23711240406809939,0.20480897032090986
AB,1.0,contact-high-school,email-Eu,0.9992407442132004,1.6725121109900603,-0.0011289845556562862,0.6012483524381574
AB,1.0,contact-high-school,NDC-classes,1.2945787613141126,4.08325149712881,0.09554159353800062,0.5640702914767384
AB,1.0,contact-high-school,NDC-substances,1.450917445216959,1.9382074303228396,0.48061593912318223,0.860104287448406
AB,1.0,contact-high-school,DAWN,0.8754081741836688,1.0417909408473682,-2.981311817586833,0.9221015903486296
AB,1.0,contact-high-school,congress-bills,0.9435073095581625,1.066851977621039,-0.8450414251329289,0.3256652094770487
AB,1.0,contact-high-school,tags-math-sx,1.0790668597259456,1.1319030898951705,0.5994314446218334,0.9237273861787054
AB,1.0,contact-high-school,tags-ask-ubuntu,1.145849363844845,1.1923896562998082,0.7580935828356716,0.9357624314778006
AB,1.0,email-Enron,contact-primary-school,1.0492697399146682,1.1318799492854903,0.3735953811144585,0.6378575194331135
AB,1.0,email-Enron,contact-high-school,0.9549273401243654,1.3149893580660719,-0.14309264335901845,0.20880743130469034
AB,1.0,email-Enron,email-Eu,1.6719576187554483,1.6725121109900603,0.9991754910795649,0.8197893661318857
AB,1.0,email-Enron,NDC-classes,2.023718223759162,4.08325149712881,0.3320255336655055,0.7580217410262745
AB,1.0,email-Enron,NDC-substances,1.8162812976356686,1.9382074303228396,0.8700435226299413,0.9391588563163324
AB,1.0,email-Enron,DAWN,1.0524008349995848,1.0417909408473682,1.253880241437176,0.9252536811880155
AB,1.0,email-Enron,congress-bills,1.0561356439137166,1.066851977621039,0.8397005729872402,0.7361969220477524
AB,1.0,email-Enron,tags-math-sx,1.1347289919062695,1.1319030898951705,1.0214240774294587,0.9550449095979546
AB,1.0,email-Enron,tags-ask-ubuntu,1.2003919783173027,1.1923896562998082,1.041594346449812,0.9622586279628157
AB,1.0,email-Eu,contact-primary-school,1.0625846371572145,1.1318799492854903,0.47455763742927226,0.7266004230434302
AB,1.0,email-Eu,contact-high-school,0.9784527297259985,1.3149893580660719,-0.06840634365012979,0.2824322567488991
AB,1.0,email-Eu,email-Enron,1.2619998129207721,1.80346655331272,0.32608676968635214,0.6561388056299514
AB,1.0,email-Eu,NDC-classes,1.8597493967439642,4.08325149712881,0.27884504314506336,0.7226132147059319
AB,1.0,email-Eu,NDC-substances,1.7805703634836907,1.9382074303228396,0.8319805815384498,0.9329882892426745
AB,1.0,email-Eu,DAWN,1.0026511465897632,1.0417909408473682,0.06343830830336836,0.9447054644100926
AB,1.0,email-Eu,congress-bills,1.0331100219073992,1.066851977621039,0.49527363416365316,0.682856196145091
AB,1.0,email-Eu,tags-math-sx,1.1591392431795504,1.1319030898951705,1.2064860899469885,0.9613795423721917
AB,1.0,email-Eu,tags-ask-ubuntu,1.2394674639576335,1.1923896562998082,1.2447003054283863,0.9636112397690993
AB,1.0,NDC-classes,contact-primary-school,1.015443870417556,1.1318799492854903,0.11710552287310495,0.3438974476188041
AB,1.0,NDC-classes,contact-high-school,0.9307953423196939,1.3149893580660719,-0.21970474845626323,0.08894038622539689
AB,1.0,NDC-classes,email-Enron,1.869904723967788,1.80346655331272,1.082689404283403,0.6382488670913182
AB,1.0,NDC-classes,email-Eu,1.7129053222230117,1.6725121109900603,1.0600631729493843,0.6776164545833402
AB,1.0,NDC-classes,NDC-substances,1.9050557454064323,1.9382074303228396,0.964664866377151,0.9046970205922797
AB,1.0,NDC-classes,DAWN,1.1104562658770982,1.0417909408473682,2.643067220728872,0.8425465209388037
AB,1.0,NDC-classes,congress-bills,1.1455340829153526,1.066851977621039,2.176960025630589,0.71630737044054
AB,1.0,NDC-classes,tags-math-sx,1.0708072657446464,1.1319030898951705,0.5368127903669289,0.819003272038518
AB,1.0,NDC-classes,tags-ask-ubuntu,1.0966224987829205,1.1923896562998082,0.5022229398463604,0.8597426006286553
AB,1.0,NDC-substances,contact-primary-school,1.0618968906324557,1.1318799492854903,0.4693426936225381,0.6090011555175858
AB,1.0,NDC-substances,contact-high-school,0.9808981746753791,1.3149893580660719,-0.06064276406637878,0.2377081814677526
AB,1.0,NDC-substances,email-Enron,1.61398136719161,1.80346655331272,0.7641654337198527,0.7362160045454469
AB,1.0,NDC-substances,email-Eu,1.7543576420859581,1.6725121109900603,1.1217012002585445,0.8217975131929158
AB,1.0,NDC-substances,NDC-classes,2.389182234738941,4.08325149712881,0.4505575481054911,0.8083242500359157
AB,1.0,NDC-substances,DAWN,1.0895063542226124,1.0417909408473682,2.141764516609323,0.9455813594306821
AB,1.0,NDC-substances,congress-bills,1.0908053543592258,1.066851977621039,1.3583046843276687,0.8089152819071986
AB,1.0,NDC-substances,tags-math-sx,1.178780659579251,1.1319030898951705,1.355394022394291,0.9497294576886225
AB,1.0,NDC-substances,tags-ask-ubuntu,1.254969931791019,1.1923896562998082,1.3252787945818125,0.9592364455535541
AB,1.0,DAWN,contact-primary-school,1.0359761211879428,1.1318799492854903,0.27279447241871946,0.7219156825362195
AB,1.0,DAWN,contact-high-school,0.9863547974627637,1.3149893580660719,-0.04331956679747298,0.3168894736394429
AB,1.0,DAWN,email-Enron,1.1383391082330687,1.80346655331272,0.17217780586222517,0.57648129185762
AB,1.0,DAWN,email-Eu,1.3352097374523748,1.6725121109900603,0.4984441647584384,0.8487221677107205
AB,1.0,DAWN,NDC-classes,2.003052845559147,4.08325149712881,0.3253230709506543,0.7265137798039146
AB,1.0,DAWN,NDC-substances,1.6551581502577601,1.9382074303228396,0.6983084220856347,0.9363518002047257
AB,1.0,DAWN,congress-bills,1.037946879506203,1.066851977621039,0.5676253845669442,0.8871466133762647
AB,1.0,DAWN,tags-math-sx,1.1026931182850122,1.1319030898951705,0.7785497547224035,0.9666618086516497
AB,1.0,DAWN,tags-ask-ubuntu,1.161392913574815,1.1923896562998082,0.8388856068400585,0.9715447320087748
AB,1.0,congress-bills,contact-primary-school,1.032424239454374,1.1318799492854903,0.24586178285663987,0.7157035019522611
AB,1.0,congress-bills,contact-high-school,0.9760878441423654,1.3149893580660719,-0.07591417057530823,0.30368582924934945
AB,1.0,congress-bills,email-Enron,1.0171454585551245,1.80346655331272,0.021339355676267036,0.408241318378935
AB,1.0,congress-bills,email-Eu,1.2423869761990942,1.6725121109900603,0.3604202396329435,0.7590031029317917
AB,1.0,congress-bills,NDC-classes,2.171042765357879,4.08325149712881,0.3798077342858276,0.7640468799606329
AB,1.0,congress-bills,NDC-substances,1.6601530776068507,1.9382074303228396,0.7036323272132798,0.9180178188627367
AB,1.0,congress-bills,DAWN,1.0395559047288514,1.0417909408473682,0.9465186455916419,0.9537398007725623
AB,1.0,congress-bills,tags-math-sx,1.0880380896495154,1.1319030898951705,0.6674452411955123,0.9382044809441711
AB,1.0,congress-bills,tags-ask-ubuntu,1.1364279059134814,1.1923896562998082,0.7091228735337027,0.9453197139639722
AB,1.0,tags-math-sx,contact-primary-school,1.0428157663104298,1.1318799492854903,0.3246571335703456,0.7722790307897286
AB,1.0,tags-math-sx,contact-high-school,0.9874747511627441,1.3149893580660719,-0.03976403810641957,0.3405041069439246
AB,1.0,tags-math-sx,email-Enron,1.0336603499394559,1.80346655331272,0.04189390311354357,0.47570011736369167
AB,1.0,tags-math-sx,email-Eu,1.2632768398313377,1.6725121109900603,0.3914826744811275,0.820241371129834
AB,1.0,tags-math-sx,NDC-classes,1.8511821960505415,4.08325149712881,0.2760664178200126,0.6859853575211904
AB,1.0,tags-math-sx,NDC-substances,1.6195055293695837,1.9382074303228396,0.6603076349079972,0.9180513122305985
AB,1.0,tags-math-sx,DAWN,0.9955831815984661,1.0417909408473682,-0.10568841744112105,0.9721559031343615
AB,1.0,tags-math-sx,congress-bills,1.0221790471408625,1.066851977621039,0.33176351590655895,0.8483829879799974
AB,1.0,tags-math-sx,tags-ask-ubuntu,1.1740285160251402,1.1923896562998082,0.9045627471465769,0.9772538700720508
AB,1.0,tags-ask-ubuntu,contact-primary-school,1.0371581755226809,1.1318799492854903,0.28175758122443467,0.7651115748393925
AB,1.0,tags-ask-ubuntu,contact-high-school,0.9863961135885649,1.3149893580660719,-0.043188400062015825,0.3441482303392674
AB,1.0,tags-ask-ubuntu,email-Enron,1.054172129680536,1.80346655331272,0.06742300529770957,0.5077615054907522
AB,1.0,tags-ask-ubuntu,email-Eu,1.2681221895450645,1.6725121109900603,0.398687525716585,0.8340243022369009
AB,1.0,tags-ask-ubuntu,NDC-classes,1.8142780199991098,4.08325149712881,0.2640971781761504,0.6975951005323798
AB,1.0,tags-ask-ubuntu,NDC-substances,1.6122609777306767,1.9382074303228396,0.6525859398917744,0.9265116295755805
AB,1.0,tags-ask-ubuntu,DAWN,0.9934758869934757,1.0417909408473682,-0.1561130923171161,0.971770832185582
AB,1.0,tags-ask-ubuntu,congress-bills,1.010964169145339,1.066851977621039,0.16400665373717388,0.8012478634304299
AB,1.0,tags-ask-ubuntu,tags-math-sx,1.0985617567639425,1.1319030898951705,0.7472285663836541,0.9736213283193796
AB,10.0,contact-primary-school,contact-high-school,0.9973822973906895,1.3149893580660719,-0.008310447773163828,0.3484455924173116
AB,10.0,contact-primary-school,email-Enron,0.8928185320208568,1.80346655331272,-0.13339879244161482,0.31366172829132066
AB,10.0,contact-primary-school,email-Eu,1.150879147773421,1.6725121109900603,0.22435156974541243,0.7048203521501349
AB,10.0,contact-primary-school,NDC-classes,1.452010330735866,4.08325149712881,0.14660183613201447,0.6077463725141109
AB,10.0,contact-primary-school,NDC-substances,1.519598669764362,1.9382074303228396,0.5538206722425624,0.8614752883459114
AB,10.0,contact-primary-school,DAWN,0.9266569627371573,1.0417909408473682,-1.7549984703792927,0.9167303397412748
AB,10.0,contact-primary-school,congress-bills,0.9997632787799134,1.066851977621039,-0.0035409755778422446,0.6899819867241429
AB,10.0,contact-primary-school,tags-math-sx,1.0997854713004553,1.1319030898951705,0.7565059422016532,0.9460920101991326
AB,10.0,contact-primary-school,tags-ask-ubuntu,1.1920843834329782,1.1923896562998082,0.9984132573824328,0.943242496270304
AB,10.0,contact-high-school,contact-primary-school,1.032454361457579,1.1318799492854903,0.24609018757902767,0.6929156575308816
AB,10.0,contact-high-school,email-Enron,0.8167547872779884,1.80346655331272,-0.22806825245741127,0.20783589757214396
AB,10.0,contact-high-school,email-Eu,1.0034258765837454,1.6725121109900603,0.005094148533179374,0.6031954216153306
AB,10.0,contact-high-school,NDC-classes,1.305458255514191,4.08325149712881,0.09907017179709156,0.567056385958033
AB,10.0,contact-high-school,NDC-substances,1.4531923270648444,1.9382074303228396,0.4830406500925917,0.8619773206400408
AB,10.0,contact-high-school,DAWN,0.8843312684312762,1.0417909408473682,-2.7677943885297336,0.9264020301040355
AB,10.0,contact-high-school,congress-bills,0.942167807782593,1.066851977621039,-0.8650782561024283,0.3366348436703293
AB,10.0,contact-high-school,tags-math-sx,1.076320790480136,1.1319030898951705,0.5786126052148711,0.9248463611529473
AB,10.0,contact-high-school,tags-ask-ubuntu,1.1433894032370966,1.1923896562998082,0.7453072373789543,0.9369360367666631
AB,10.0,email-Enron,contact-primary-school,1.0487896421672156,1.1318799492854903,0.36995496610024503,0.6351440499568792
AB,10.0,email-Enron,contact-high-school,0.9554300579726223,1.3149893580660719,-0.1414966597634349,0.2081400004568259
AB,10.0,email-Enron,email-Eu,1.6688893470498678,1.6725121109900603,0.9946130874359138,0.8203249220548905
AB,10.0,email-Enron,NDC-classes,2.0291675004028,4.08325149712881,0.33379291353987267,0.7605730222908031
AB,10.0,email-Enron,NDC-substances,1.8149328167767114,1.9382074303228396,0.8686062276188655,0.9398027914257369
AB,10.0,email-Enron,DAWN,1.0544891113231538,1.0417909408473682,1.3038498348760015,0.925678224581873
AB,10.0,email-Enron,congress-bills,1.0578412095335619,1.066851977621039,0.8652131409102645,0.73766108482849
AB,10.0,email-Enron,tags-math-sx,1.1360714659762936,1.1319030898951705,1.0316018076940872,0.9544296882615225
AB,10.0,email-Enron,tags-ask-ubuntu,1.2012074175730503,1.1923896562998082,1.045832824086452,0.9620443267476773
AB,10.0,email-Eu,contact-primary-school,1.0625651102414837,1.1318799492854903,0.47440957158729546,0.7266210215053651
AB,10.0,email-Eu,contact-high-school,0.9784499267170137,1.3149893580660719,-0.06841524239198576,0.2824587209687536
AB,10.0,email-Eu,email-Enron,1.262084369202689,1.80346655331272,0.32619200901656237,0.6562477439697741
AB,10.0,email-Eu,NDC-classes,1.8595576461625278,4.08325149712881,0.2787828521166588,0.722597307850501
AB,10.0,email-Eu,NDC-substances,1.780697012434124,1.9382074303228396,0.8321155718895598,0.9329962230804292
AB,10.0,email-Eu,DAWN,1.0026894474921801,1.0417909408473682,0.0643547964618152,0.9447168306470273
AB,10.0,email-Eu,congress-bills,1.0329747682363846,1.066851977621039,0.4932504528632982,0.6826555172196208
AB,10.0,email-Eu,tags-math-sx,1.1590831408772144,1.1319030898951705,1.2060607602418196,0.961388694098964
AB,10.0,email-Eu,tags-ask-ubuntu,1.2394245571583997,1.1923896562998082,1.2444772851264687,0.963630253327714
AB,10.0,NDC-classes,contact-primary-school,1.0146254911843229,1.1318799492854903,0.11090003646166102,0.34823614018363036
AB,10.0,NDC-classes,contact-high-school,0.9295695676570226,1.3149893580660719,-0.22359622806115242,0.09067942606801477
AB,10.0,NDC-classes,email-Enron,1.8584405830909618,1.80346655331272,1.068421055676284,0.6424326777304311
AB,10.0,NDC-classes,email-Eu,1.7077564386209065,1.6725121109900603,1.0524069783352454,0.6821578985525242
AB,10.0,NDC-classes,NDC-substances,1.8940572033362097,1.9382074303228396,0.9529419342037851,0.9052806907415731
AB,10.0,NDC-classes,DAWN,1.107288968492019,1.0417909408473682,2.567278130537125,0.8443650132091596
AB,10.0,NDC-classes,congress-bills,1.1426472347521237,1.066851977621039,2.13377733656201,0.7148670481764362
AB,10.0,NDC-classes,tags-math-sx,1.0674856767777756,1.1319030898951705,0.511630749752789,0.818819945995665
AB,10.0,NDC-classes,tags-ask-ubuntu,1.0921684748951486,1.1923896562998082,0.47907188290579866,0.8595386002713488
AB,10.0,NDC-substances,contact-primary-school,1.0618045883955327,1.1318799492854903,0.4686427977140008,0.6089719254112724
AB,10.0,NDC-substances,contact-high-school,0.9807934116931947,1.3149893580660719,-0.06097535619846742,0.23763884851711803
AB,10.0,NDC-substances,email-Enron,1.6136085229016377,1.80346655331272,0.7637013891514324,0.7363253403646468
AB,10.0,NDC-substances,email-Eu,1.7539865012545406,1.6725121109900603,1.1211493279199616,0.8218388120934363
AB,10.0,NDC-substances,NDC-classes,2.389282840804953,4.08325149712881,0.45059017796591777,0.8083817440399281
AB,10.0,NDC-substances,DAWN,1.0895298241511489,1.0417909408473682,2.1423261198673624,0.9456317763441308
AB,10.0,NDC-substances,congress-bills,1.0907317682674866,1.066851977621039,1.3572039526162412,0.808965122266068
AB,10.0,NDC-substances,tags-math-sx,1.1786685818430276,1.1319030898951705,1.3545443248147087,0.9497518492125717
AB,10.0,NDC-substances,tags-ask-ubuntu,1.2547501889984258,1.1923896562998082,1.3241366188701893,0.9592649558996756
AB,10.0,DAWN,contact-primary-school,1.0359581259373734,1.1318799492854903,0.27265802066341516,0.7219138214032073
AB,10.0,DAWN,contact-high-school,0.9863499101555956,1.3149893580660719,-0.04333508258250802,0.3169078594711658
AB,10.0,DAWN,email-Enron,1.138289969394801,1.80346655331272,0.17211664732604823,0.5764638930502308
AB,10.0,DAWN,email-Eu,1.3351174807651842,1.6725121109900603,0.4983069825639724,0.8487074026036786
AB,10.0,DAWN,NDC-classes,2.0029695007016044,4.08325149712881,0.3252960394685906,0.7265162643885883
AB,10.0,DAWN,NDC-substances,1.6550747364457337,1.9382074303228396,0.6982195144418338,0.9363524336732113
AB,10.0,DAWN,congress-bills,1.037918135647222,1.066851977621039,0.5671954218342943,0.8871055550824412
AB,10.0,DAWN,tags-math-sx,1.102651901271288,1.1319030898951705,0.7782372752061404,0.9666601564835574
AB,10.0,DAWN,tags-ask-ubuntu,1.1613328096612872,1.1923896562998082,0.8385731996416483,0.9715418856096715
AB,10.0,congress-bills,contact-primary-school,1.0324256971919001,1.1318799492854903,0.2458728363756482,0.7157166314350669
AB,10.0,congress-bills,contact-high-school,0.9760945976341575,1.3149893580660719,-0.07589273019448521,0.30371049934112415
AB,10.0,congress-bills,email-Enron,1.0171668448657791,1.80346655331272,0.021365973225642862,0.4082883559440271
AB,10.0,congress-bills,email-Eu,1.2424197832928716,1.6725121109900603,0.3604690225369853,0.7590589381713406
AB,10.0,congress-bills,NDC-classes,2.1709696098541045,4.08325149712881,0.3797840075467527,0.7640572891988775
AB,10.0,congress-bills,NDC-substances,1.6601423171954008,1.9382074303228396,0.7036208580955751,0.918025907851783
AB,10.0,congress-bills,DAWN,1.0395443066862529,1.0417909408473682,0.9462411203107228,0.9537555944348749
AB,10.0,congress-bills,tags-math-sx,1.088038582166626,1.1319030898951705,0.6674489751270756,0.9382099711785963
AB,10.0,congress-bills,tags-ask-ubuntu,1.1364246818504222,1.1923896562998082,0.7091061155482621,0.9453213408500254
AB,10.0,tags-math-sx,contact-primary-school,1.0427858772012575,1.1318799492854903,0.3244304948027825,0.7721686582036279
AB,10.0,tags-math-sx,contact-high-school,0.9874679401892421,1.3149893580660719,-0.03978566097502626,0.3404329554458471
AB,10.0,tags-math-sx,email-Enron,1.0341256948894575,1.80346655331272,0.04247307463982923,0.47619202203959693
AB,10.0,tags-math-sx,email-Eu,1.2635629130796995,1.6725121109900603,0.3919080545504034,0.820467291000876
AB,10.0,tags-math-sx,NDC-classes,1.851224472763027,4.08325149712881,0.2760801295501536,0.6860888168495749
AB,10.0,tags-math-sx,NDC-substances,1.6196153220024294,1.9382074303228396,0.6604246587444081,0.9181531686380843
AB,10.0,tags-math-sx,DAWN,0.9956925513617797,1.0417909408473682,-0.10307134873924624,0.972207346103776
AB,10.0,tags-math-sx,congress-bills,1.0221273495298366,1.066851977621039,0.3309902012961982,0.8481908639543732
AB,10.0,tags-math-sx,tags-ask-ubuntu,1.1739984799816243,1.1923896562998082,0.9044066262610075,0.9772612762147997
AB,10.0,tags-ask-ubuntu,contact-primary-school,1.037152674760388,1.1318799492854903,0.2817158708482738,0.7650709230657393
AB,10.0,tags-ask-ubuntu,contact-high-school,0.986403213900173,1.3149893580660719,-0.04316585862870612,0.3441385910801239
AB,10.0,tags-ask-ubuntu,email-Enron,1.0543296140353378,1.80346655331272,0.06761901140916807,0.5079348762724141
AB,10.0,tags-ask-ubuntu,email-Eu,1.2682206484689624,1.6725121109900603,0.3988339304017779,0.8340894360894184
AB,10.0,tags-ask-ubuntu,NDC-classes,1.8142208403891138,4.08325149712881,0.2640786329455556,0.6976178131055415
AB,10.0,tags-ask-ubuntu,NDC-substances,1.6122957613179254,1.9382074303228396,0.652623014408693,0.9265423147472781
AB,10.0,tags-ask-ubuntu,DAWN,0.9935019068472424,1.0417909408473682,-0.1554904728393268,0.9717775758276762
AB,10.0,tags-ask-ubuntu,congress-bills,1.0109383137563293,1.066851977621039,0.16361989795327841,0.8010744810755072
AB,10.0,tags-ask-ubuntu,tags-math-sx,1.0985578850192856,1.1319030898951705,0.7471992134347584,0.9736182390804922
ABC,0.1,contact-primary-school,contact-high-school,0.9996684823095021,1.3149893580660719,-0.001052472669341247,0.3525613284767997
ABC,0.1,contact-primary-school,email-Enron,0.9341021565290908,1.80346655331272,-0.0820169093526173,0.34957817610972836
ABC,0.1,contact-primary-school,email-Eu,1.2260142411297537,1.6725121109900603,0.33607460361869107,0.7417920652511364
ABC,0.1,contact-primary-school,NDC-classes,1.6336266496335665,4.08325149712881,0.20550598944770262,0.641116523284723
ABC,0.1,contact-primary-school,NDC-substances,1.5526775400760455,1.9382074303228396,0.5890781955178801,0.8638864670759331
ABC,0.1,contact-primary-school,DAWN,0.95830568739724,1.0417909408473682,-0.9976878183967879,0.9183203189838998
ABC,0.1,contact-primary-school,congress-bills,1.026778539034356,1.066851977621039,0.4005646502509527,0.8088406433471214
ABC,0.1,contact-primary-school,tags-math-sx,1.1195135692001257,1.1319030898951705,0.9060710351448827,0.9502285792154611
ABC,0.1,contact-primary-school,tags-ask-ubuntu,1.2038471356179508,1.1923896562998082,1.0595535099885407,0.9438266883663297
ABC,0.1,contact-high-school,contact-primary-school,1.0335636491219389,1.1318799492854903,0.25450153191431063,0.6670686189819269
ABC,0.1,contact-high-school,email-Enron,0.8994284066035186,1.80346655331272,-0.1251720970609433,0.28597393000792526
ABC,0.1,contact-high-school,email-Eu,1.1363768611209832,1.6725121109900603,0.20278721957915624,0.694506104327543
ABC,0.1,contact-high-school,NDC-classes,1.6546885708892907,4.08325149712881,0.21233706413471323,0.6433390185663207
ABC,0.1,contact-high-school,NDC-substances,1.492668750444183,1.9382074303228396,0.5251170844752896,0.8677398816570957
ABC,0.1,contact-high-school,DAWN,0.9359051968351138,1.0417909408473682,-1.533700889840641,0.9277148339861613
ABC,0.1,contact-high-school,congress-bills,0.9913619653750112,1.066851977621039,-0.12921135518166513,0.5971273755388921
ABC,0.1,contact-high-school,tags-math-sx,1.1024067225655523,1.1319030898951705,0.7763784961136212,0.9322370951284175
ABC,0.1,contact-high-school,tags-ask-ubuntu,1.15381389595502,1.1923896562998082,0.7994915054857514,0.937893566664705
ABC,0.1,email-Enron,contact-primary-school,1.049702912811994,1.1318799492854903,0.37687998123504224,0.6764794102373363
ABC,0.1,email-Enron,contact-high-school,0.9608252296620389,1.3149893580660719,-0.12436855193610657,0.23772229874256176
ABC,0.1,email-Enron,email-Eu,1.6735904317076142,1.6725121109900603,1.0016034220052432,0.8201440647858306
ABC,0.1,email-Enron,NDC-classes,2.018673836864042,4.08325149712881,0.33038947287065384,0.7566501322258492
ABC,0.1,email-Enron,NDC-substances,1.8022416357302413,1.9382074303228396,0.8550791752461264,0.9384507102436337
ABC,0.1,email-Enron,DAWN,1.0323678974570007,1.0417909408473682,0.774519472419083,0.9292167525913808
ABC,0.1,email-Enron,congress-bills,1.0401839744095192,1.066851977621039,0.6010887910797248,0.7380303609806448
ABC,0.1,email-Enron,tags-math-sx,1.122912223074269,1.1319030898951705,0.93183732975439,0.9609894964543446
ABC,0.1,email-Enron,tags-ask-ubuntu,1.1894274458862883,1.1923896562998082,0.9846030682184715,0.9661725694280007
ABC,0.1,email-Eu,contact-primary-school,1.060012657683507,1.1318799492854903,0.45505520747201,0.7779646641839634
ABC,0.1,email-Eu,contact-high-school,0.9868612737416848,1.3149893580660719,-0.041711651272863894,0.3341325593157129
ABC,0.1,email-Eu,email-Enron,1.241585302535058,1.80346655331272,0.3006787296110754,0.6529029585111518
ABC,0.1,email-Eu,NDC-classes,1.8118838738392948,4.08325149712881,0.26332067773107015,0.7192458911938762
ABC,0.1,email-Eu,NDC-substances,1.7242524236319496,1.9382074303228396,0.7719534084085569,0.9304618997577778
ABC,0.1,email-Eu,DAWN,0.9331252189969624,1.0417909408473682,-1.6002219535396984,0.9362176697643779
ABC,0.1,email-Eu,congress-bills,0.9851496670214086,1.066851977621039,-0.22213752692213318,0.6390344248630238
ABC,0.1,email-Eu,tags-math-sx,1.1076186754850392,1.1319030898951705,0.8158919974548645,0.9583888069956702
ABC,0.1,email-Eu,tags-ask-ubuntu,1.1891437120318429,1.1923896562998082,0.9831282807485916,0.9630093452182268
ABC,0.1,NDC-classes,contact-primary-school,1.0149228615846901,1.1318799492854903,0.11315489326118496,0.26382027204597064
ABC,0.1,NDC-classes,contact-high-school,0.9086605053932361,1.3149893580660719,-0.2899764460855362,0.01802309725142838
ABC,0.1,NDC-classes,email-Enron,1.8979903538736247,1.80346655331272,1.1176449724897441,0.6211148397651681
ABC,0.1,NDC-classes,email-Eu,1.7175670581589983,1.6725121109900603,1.0669949974619921,0.6534584004969239
ABC,0.1,NDC-classes,NDC-substances,1.9256001293889664,1.9382074303228396,0.9865623522832951,0.8955044790499159
ABC,0.1,NDC-classes,DAWN,1.1040114197990603,1.0417909408473682,2.488850877488927,0.7719265973770562
ABC,0.1,NDC-classes,congress-bills,1.1671829954506379,1.066851977621039,2.5007935651259428,0.641221444194405
ABC,0.1,NDC-classes,tags-math-sx,1.0657802049349667,1.1319030898951705,0.498701015929538,0.7429002526046785
ABC,0.1,NDC-classes,tags-ask-ubuntu,1.0883261579575136,1.1923896562998082,0.4591003469535368,0.8076360177886018
ABC,0.1,NDC-substances,contact-primary-school,1.0618274153736,1.1318799492854903,0.468815886786229,0.6139184126161387
ABC,0.1,NDC-substances,contact-high-school,0.9816831462576834,1.3149893580660719,-0.05815070659775907,0.2415372551323658
ABC,0.1,NDC-substances,email-Enron,1.6114091508426887,1.80346655331272,0.7609640355554662,0.7368140480953653
ABC,0.1,NDC-substances,email-Eu,1.7531924384319804,1.6725121109900603,1.119968586622394,0.8221435419735904
ABC,0.1,NDC-substances,NDC-classes,2.3943630841746777,4.08325149712881,0.4522378681963306,0.8094022920770804
ABC,0.1,NDC-substances,DAWN,1.0879381737583473,1.0417909408473682,2.104240105039062,0.9465973979144856
ABC,0.1,NDC-substances,congress-bills,1.0889359167364523,1.066851977621039,1.3303408500583123,0.8105150779885572
ABC,0.1,NDC-substances,tags-math-sx,1.1777864085028698,1.1319030898951705,1.3478562833074252,0.9506547991216219
ABC,0.1,NDC-substances,tags-ask-ubuntu,1.2539984349225168,1.1923896562998082,1.320229163082974,0.959940241135485
ABC,0.1,DAWN,contact-primary-school,1.0355879867020585,1.1318799492854903,0.26985138298027844,0.7317335168299853
ABC,0.1,DAWN,contact-high-school,0.9875769514515106,1.3149893580660719,-0.03943958178385051,0.3251718850382904
ABC,0.1,DAWN,email-Enron,1.1563957105621219,1.80346655331272,0.1946511773480763,0.5917136236225934
ABC,0.1,DAWN,email-Eu,1.3551047020365004,1.6725121109900603,0.5280272224595652,0.8525577948031975
ABC,0.1,DAWN,NDC-classes,2.061664940703045,4.08325149712881,0.3443329036543696,0.7391168967105413
ABC,0.1,DAWN,NDC-substances,1.6562720164424616,1.9382074303228396,0.6994956501427799,0.9377426800107469
ABC,0.1,DAWN,congress-bills,1.0387074346248182,1.066851977621039,0.579002087929805,0.9003734902021006
ABC,0.1,DAWN,tags-math-sx,1.1013904614478958,1.1319030898951705,0.7686738917827888,0.9666495867005774
ABC,0.1,DAWN,tags-ask-ubuntu,1.1586304435121064,1.1923896562998082,0.8245268823855401,0.9718834592796013
ABC,0.1,congress-bills,contact-primary-school,1.0301328025289966,1.1318799492854903,0.2284866099225283,0.748049057446161
ABC,0.1,congress-bills,contact-high-school,0.9844738423860504,1.3149893580660719,-0.049291054495539006,0.34070089222890504
ABC,0.1,congress-bills,email-Enron,1.0957669116136934,1.80346655331272,0.1191921570584901,0.48545611885004253
ABC,0.1,congress-bills,email-Eu,1.314029318042322,1.6725121109900603,0.46694968448971663,0.7816981796769523
ABC,0.1,congress-bills,NDC-classes,2.2905386808777486,4.08325149712881,0.4185641949998325,0.7678648597239345
ABC,0.1,congress-bills,NDC-substances,1.6366625699675226,1.9382074303228396,0.6785946789490308,0.9181875014857533
ABC,0.1,congress-bills,DAWN,1.0351558010395165,1.0417909408473682,0.84123018832993,0.9640926431506052
ABC,0.1,congress-bills,tags-math-sx,1.0814560401340558,1.1319030898951705,0.6175445942835206,0.9438667968868844
ABC,0.1,congress-bills,tags-ask-ubuntu,1.1253119479365243,1.1923896562998082,0.6513445179258801,0.9510163693968797
ABC,0.1,tags-math-sx,contact-primary-school,1.0428029797908307,1.1318799492854903,0.3245601778187821,0.772577724128233
ABC,0.1,tags-math-sx,contact-high-school,0.9875445307757496,1.3149893580660719,-0.039542508041296436,0.340818010329822
ABC,0.1,tags-math-sx,email-Enron,1.034982110287637,1.80346655331272,0.04353897513643182,0.4770255637518901
ABC,0.1,tags-math-sx,email-Eu,1.2648104582157926,1.6725121109900603,0.3937631068471666,0.8211888089319297
ABC,0.1,tags-math-sx,NDC-classes,1.8542354448911575,4.08325149712881,0.2770566869704401,0.6866208540223367
ABC,0.1,tags-math-sx,NDC-substances,1.6198010093019144,1.9382074303228396,0.660622575850459,0.9182431194551177
ABC,0.1,tags-math-sx,DAWN,0.995743321196143,1.0417909408473682,-0.10185649611009208,0.972200865526655
ABC,0.1,tags-math-sx,congress-bills,1.0222390366720961,1.066851977621039,0.332660864547069,0.8491672974532103
ABC,0.1,tags-math-sx,tags-ask-ubuntu,1.1739516246431028,1.1923896562998082,0.904163082302238,0.9772629146023207
ABC,0.1,tags-ask-ubuntu,contact-primary-school,1.0370439931221833,1.1318799492854903,0.2808917756101911,0.7677452044178393
ABC,0.1,tags-ask-ubuntu,contact-high-school,0.987387340040594,1.3149893580660719,-0.04004154310749873,0.347366291340903
ABC,0.1,tags-ask-ubuntu,email-Enron,1.0822380625453203,1.80346655331272,0.1023540584312439,0.5361423745450925
ABC,0.1,tags-ask-ubuntu,email-Eu,1.2995001064585405,1.6725121109900603,0.4453452979718415,0.8495283564124178
ABC,0.1,tags-ask-ubuntu,NDC-classes,1.8803568187745106,4.08325149712881,0.2855287087655087,0.7133323520802901
ABC,0.1,tags-ask-ubuntu,NDC-substances,1.621208014897455,1.9382074303228396,0.6621222501762705,0.9300915962786673
ABC,0.1,tags-ask-ubuntu,DAWN,0.9996927737889887,1.0417909408473682,-0.007351502617119489,0.9726466781440076
ABC,0.1,tags-ask-ubuntu,congress-bills,1.0147183714114727,1.066851977621039,0.22016359029655203,0.8227907079780516
ABC,0.1,tags-ask-ubuntu,tags-math-sx,1.1001420366500494,1.1319030898951705,0.759209179478941,0.9736127607041964
ABC,1.0,contact-primary-school,contact-high-school,0.9995494786350118,1.3149893580660719,-0.0014302748758062563,0.3523781722754214
ABC,1.0,contact-primary-school,email-Enron,0.9334031399868764,1.80346655331272,-0.0828869101502016,0.34892975538739
ABC,1.0,contact-primary-school,email-Eu,1.2243857648627465,1.6725121109900603,0.3336531211793492,0.7416283817511009
ABC,1.0,contact-primary-school,NDC-classes,1.6294726288250538,4.08325149712881,0.2041587036968059,0.6407909238043678
ABC,1.0,contact-primary-school,NDC-substances,1.5520881855383464,1.9382074303228396,0.5884500246905648,0.8641917293937027
ABC,1.0,contact-primary-school,DAWN,0.957765209388837,1.0417909408473682,-1.0106207171888235,0.9184596875297847
ABC,1.0,contact-primary-school,congress-bills,1.0260345569050222,1.066851977621039,0.389435852632561,0.8069469003590527
ABC,1.0,contact-primary-school,tags-math-sx,1.1189307119308411,1.1319030898951705,0.9016522056106561,0.9502750534750137
ABC,1.0,contact-primary-school,tags-ask-ubuntu,1.203456939440185,1.1923896562998082,1.0575253542899952,0.9438951424004265
ABC,1.0,contact-high-school,contact-primary-school,1.033435649098236,1.1318799492854903,0.2535309520468142,0.6680596947028049
ABC,1.0,contact-high-school,email-Enron,0.8989523592116088,1.80346655331272,-0.1257645889200594,0.285525933429547
ABC,1.0,contact-high-school,email-Eu,1.1350299988888015,1.6725121109900603,0.20078448652770398,0.6948342731686974
ABC,1.0,contact-high-school,NDC-classes,1.650374296536904,4.08325149712881,0.21093780288197264,0.6428516607237056
ABC,1.0,contact-high-school,NDC-substances,1.4925381789681678,1.9382074303228396,0.5249779132517466,0.8684449311593168
ABC,1.0,contact-high-school,DAWN,0.9359604440764921,1.0417909408473682,-1.5323788989914717,0.9282735176032005
ABC,1.0,contact-high-school,congress-bills,0.9903453971564342,1.066851977621039,-0.14441761017593865,0.5943677167266878
ABC,1.0,contact-high-school,tags-math-sx,1.1016317441714933,1.1319030898951705,0.7705031341742243,0.9323929969786742
ABC,1.0,contact-high-school,tags-ask-ubuntu,1.153336193349288,1.1923896562998082,0.7970085102202084,0.9380679890644791
ABC,1.0,email-Enron,contact-primary-school,1.0496400705093936,1.1318799492854903,0.37640346980975875,0.6743901026817114
ABC,1.0,email-Enron,contact-high-school,0.960571044278997,1.3149893580660719,-0.1251755169224874,0.23620704815685056
ABC,1.0,email-Enron,email-Eu,1.6731762872651375,1.6725121109900603,1.000987604928184,0.8202107466994388
ABC,1.0,email-Enron,NDC-classes,2.019465131898658,4.08325149712881,0.33064611590978094,0.7570007343036573
ABC,1.0,email-Enron,NDC-substances,1.802842002395606,1.9382074303228396,0.8557190834859899,0.938562050156396
ABC,1.0,email-Enron,DAWN,1.0336694741974806,1.0417909408473682,0.8056644218767544,0.9291236419411071
ABC,1.0,email-Enron,congress-bills,1.0412240301797286,1.066851977621039,0.6166463827504636,0.7383881660855593
ABC,1.0,email-Enron,tags-math-sx,1.1237592900455657,1.1319030898951705,0.9382592185211353,0.9607419483057544
ABC,1.0,email-Enron,tags-ask-ubuntu,1.1901866525099314,1.1923896562998082,0.9885492607438116,0.9660239342968263
ABC,1.0,email-Eu,contact-primary-school,1.0600175095449431,1.1318799492854903,0.4550919974576178,0.777917493366416
ABC,1.0,email-Eu,contact-high-school,0.986847871119837,1.3149893580660719,-0.04175420071621677,0.3340556370768543
ABC,1.0,email-Eu,email-Enron,1.2416225084226142,1.80346655331272,0.30072503631469955,0.65291680655096
ABC,1.0,email-Eu,NDC-classes,1.8119663289867098,4.08325149712881,0.263347420650839,0.7192546697162534
ABC,1.0,email-Eu,NDC-substances,1.7243698482995617,1.9382074303228396,0.7720785669436707,0.9304688282931962
ABC,1.0,email-Eu,DAWN,0.933262228658266,1.0417909408473682,-1.5969434999197143,0.9362393500746268
ABC,1.0,email-Eu,congress-bills,0.9852297629128765,1.066851977621039,-0.22093941888826343,0.6391153266284018
ABC,1.0,email-Eu,tags-math-sx,1.107722676311411,1.1319030898951705,0.8166804613676841,0.9584060329901998
ABC,1.0,email-Eu,tags-ask-ubuntu,1.1892477843760663,1.1923896562998082,0.9836692263806229,0.9630192113910349
ABC,1.0,NDC-classes,contact-primary-school,1.0148398585652467,1.1318799492854903,0.11252551009950558,0.26418099511309007
ABC,1.0,NDC-classes,contact-high-school,0.9085754014768274,1.3149893580660719,-0.290246626376487,0.01822060125051056
ABC,1.0,NDC-classes,email-Enron,1.8972182007980964,1.80346655331272,1.1166839454596276,0.6214993637723194
ABC,1.0,NDC-classes,email-Eu,1.7171736552813126,1.6725121109900603,1.0664100223050295,0.6539256307064353
ABC,1.0,NDC-classes,NDC-substances,1.9245683092748647,1.9382074303228396,0.9854625740458252,0.8955705080828975
ABC,1.0,NDC-classes,DAWN,1.1037767720285798,1.0417909408473682,2.4832360775891726,0.7721671382656923
ABC,1.0,NDC-classes,congress-bills,1.1669055561226405,1.066851977621039,2.496643510963445,0.641040821705394
ABC,1.0,NDC-classes,tags-math-sx,1.0654634245424002,1.1319030898951705,0.49629940128337385,0.7429122691835663
ABC,1.0,NDC-classes,tags-ask-ubuntu,1.0878904430931973,1.1923896562998082,0.45683559492530207,0.8076208776305982
ABC,1.0,NDC-substances,contact-primary-school,1.0618182794361615,1.1318799492854903,0.4687466121353964,0.6139094277740873
ABC,1.0,NDC-substances,contact-high-school,0.9816716110575596,1.3149893580660719,-0.05818732751788977,0.24152546079096865
ABC,1.0,NDC-substances,email-Enron,1.6113750647584473,1.80346655331272,0.7609216117805115,0.7368237084400365
ABC,1.0,NDC-substances,email-Eu,1.7531567943334552,1.6725121109900603,1.1199155851999025,0.8221471333092745
ABC,1.0,NDC-substances,NDC-classes,2.3943652744677486,4.08325149712881,0.45223857858050553,0.8094065357579454
ABC,1.0,NDC-substances,DAWN,1.0879422516524195,1.0417909408473682,2.104337683461311,0.9466010513600475
ABC,1.0,NDC-substances,congress-bills,1.0889309273691057,1.066851977621039,1.3302662170029538,0.8105180708438249
ABC,1.0,NDC-substances,tags-math-sx,1.177776428513734,1.1319030898951705,1.3477806217808932,0.950655911824676
ABC,1.0,NDC-substances,tags-ask-ubuntu,1.2539776423776625,1.1923896562998082,1.3201210879127483,0.9599422005648593
ABC,1.0,DAWN,contact-primary-school,1.0355869360623962,1.1318799492854903,0.26984341634343884,0.7317113304212409
ABC,1.0,DAWN,contact-high-school,0.9875734893852111,1.3149893580660719,-0.03945057284183668,0.32515464312920433
ABC,1.0,DAWN,email-Enron,1.1563468621324935,1.80346655331272,0.19459038025648986,0.5916795765600754
ABC,1.0,DAWN,email-Eu,1.3550475330706553,1.6725121109900603,0.5279422143758284,0.8525547993138957
ABC,1.0,DAWN,NDC-classes,2.0615118345064793,4.08325149712881,0.34428324627263845,0.7390878969344092
ABC,1.0,DAWN,NDC-substances,1.6562614586056101,1.9382074303228396,0.6994843969417177,0.9377408902354707
ABC,1.0,DAWN,congress-bills,1.0387010000455918,1.066851977621039,0.5789058367872763,0.9003381658464885
ABC,1.0,DAWN,tags-math-sx,1.1013885634597784,1.1319030898951705,0.7686595025208022,0.9666501796415963
ABC,1.0,DAWN,tags-ask-ubuntu,1.158630646761465,1.1923896562998082,0.8245279388319342,0.9718827452802824
ABC,1.0,congress-bills,contact-primary-school,1.0301325641291106,1.1318799492854903,0.22848480221872386,0.7480440706828866
ABC,1.0,congress-bills,contact-high-school,0.9844719656423693,1.3149893580660719,-0.04929701261327559,0.34069391440142016
ABC,1.0,congress-bills,email-Enron,1.095752725334545,1.80346655331272,0.11917450071786208,0.4854417395939455
ABC,1.0,congress-bills,email-Eu,1.3140155863352876,1.6725121109900603,0.4669292659622136,0.7816960257580661
ABC,1.0,congress-bills,NDC-classes,2.290529682600421,4.08325149712881,0.41856127656215847,0.7678660922720661
ABC,1.0,congress-bills,NDC-substances,1.6366649906785844,1.9382074303228396,0.6785972590938726,0.9181880472962233
ABC,1.0,congress-bills,DAWN,1.035157589100815,1.0417909408473682,0.8412729741888292,0.9640904675617702
ABC,1.0,congress-bills,tags-math-sx,1.0814557160755982,1.1319030898951705,0.6175421374915085,0.9438659588445943
ABC,1.0,congress-bills,tags-ask-ubuntu,1.125312275285598,1.1923896562998082,0.6513462194158662,0.9510157438989477
ABC,1.0,tags-math-sx,contact-primary-school,1.0428001096979513,1.1318799492854903,0.3245384148980735,0.7725637169190759
ABC,1.0,tags-math-sx,contact-high-school,0.9875431102934622,1.3149893580660719,-0.03954701766122795,0.34080760748854305
ABC,1.0,tags-math-sx,email-Enron,1.0350167907289365,1.80346655331272,0.04358213865227004,0.477062883742821
ABC,1.0,tags-math-sx,email-Eu,1.2648250231131866,1.6725121109900603,0.39378476429713055,0.8212026474137837
ABC,1.0,tags-math-sx,NDC-classes,1.8542110813934247,4.08325149712881,0.2770487850857721,0.6866253631602053
ABC,1.0,tags-math-sx,NDC-substances,1.619809526299316,1.9382074303228396,0.6606316537975381,0.9182515862942529
ABC,1.0,tags-math-sx,DAWN,0.9957529203778155,1.0417909408473682,-0.10162680083456344,0.9722056564527816
ABC,1.0,tags-math-sx,congress-bills,1.0222333024619699,1.066851977621039,0.3325750898201224,0.849141050421359
ABC,1.0,tags-math-sx,tags-ask-ubuntu,1.1739493450895475,1.1923896562998082,0.9041512336737874,0.9772635737473032
ABC,1.0,tags-ask-ubuntu,contact-primary-school,1.0370433813269526,1.1318799492854903,0.28088713657875364,0.7677372333677182
ABC,1.0,tags-ask-ubuntu,contact-high-school,0.9873864682136538,1.3149893580660719,-0.04004431090557784,0.3473597396892222
ABC,1.0,tags-ask-ubuntu,email-Enron,1.0822316018598612,1.80346655331272,0.10234601741767285,0.5361389433886615
ABC,1.0,tags-ask-ubuntu,email-Eu,1.2994829883177001,1.6725121109900603,0.44531984394571966,0.8495237911645995
ABC,1.0,tags-ask-ubuntu,NDC-classes,1.8802865293929536,4.08325149712881,0.2855059116042578,0.7133208788016082
ABC,1.0,tags-ask-ubuntu,NDC-substances,1.621204761763872,1.9382074303228396,0.6621187827835833,0.9300922192626624
ABC,1.0,tags-ask-ubuntu,DAWN,0.999690674034634,1.0417909408473682,-0.007401746864129669,0.9726470079492648
ABC,1.0,tags-ask-ubuntu,congress-bills,1.0147118542078226,1.066851977621039,0.22006610322314002,0.8227557143739141
ABC,1.0,tags-ask-ubuntu,tags-math-sx,1.1001394287481079,1.1319030898951705,0.75918940813057,0.9736126240458194
ABC,10.0,contact-primary-school,contact-high-school,0.9986009806376264,1.3149893580660719,-0.004441481359761289,0.3508430836411445
ABC,10.0,contact-primary-school,email-Enron,0.9277569899932953,1.80346655331272,-0.08991414727700156,0.3434307179218723
ABC,10.0,contact-primary-school,email-Eu,1.2110091848316484,1.6725121109900603,0.31376265405987186,0.7388701128105579
ABC,10.0,contact-primary-school,NDC-classes,1.5964336242734827,4.08325149712881,0.19344306646048645,0.6374011026919401
ABC,10.0,contact-primary-school,NDC-substances,1.5474597760757287,1.9382074303228396,0.5835167771879044,0.8662227966902721
ABC,10.0,contact-primary-school,DAWN,0.9535219529251502,1.0417909408473682,-1.1121560350746866,0.9195072262160243
ABC,10.0,contact-primary-school,congress-bills,1.0199879472205033,1.066851977621039,0.2989881216948911,0.7898525356337244
ABC,10.0,contact-primary-school,tags-math-sx,1.1143257256202643,1.1319030898951705,0.8667403145075999,0.9503639324115363
ABC,10.0,contact-primary-school,tags-ask-ubuntu,1.2003927125784237,1.1923896562998082,1.0415981629809872,0.9443857277545833
ABC,10.0,contact-high-school,contact-primary-school,1.0323764639611561,1.1318799492854903,0.2454995178309357,0.6753592556886269
ABC,10.0,contact-high-school,email-Enron,0.8944578434459192,1.80346655331272,-0.13135849416372955,0.28069729603622545
ABC,10.0,contact-high-school,email-Eu,1.122721869267499,1.6725121109900603,0.1824827646402234,0.6945670222292075
ABC,10.0,contact-high-school,NDC-classes,1.61387338253751,4.08325149712881,0.1990993544020532,0.6376269441326157
ABC,10.0,contact-high-school,NDC-substances,1.490947089250541,1.9382074303228396,0.5232820305863543,0.8731296303683704
ABC,10.0,contact-high-school,DAWN,0.9362478999960435,1.0417909408473682,-1.525500472382192,0.9325241887243259
ABC,10.0,contact-high-school,congress-bills,0.9819338223566714,1.066851977621039,-0.27024148404015225,0.5700508281390438
ABC,10.0,contact-high-school,tags-math-sx,1.0951900845497962,1.1319030898951705,0.7216668284681437,0.9331797110120114
ABC,10.0,contact-high-school,tags-ask-ubuntu,1.1493479860750864,1.1923896562998082,0.7762786677177262,0.9392291943866821
ABC,10.0,email-Enron,contact-primary-school,1.049016308725814,1.1318799492854903,0.3716737001445515,0.6575916730022204
ABC,10.0,email-Enron,contact-high-school,0.9587404583347359,1.3149893580660719,-0.1309870972104701,0.22457838947468287
ABC,10.0,email-Enron,email-Eu,1.6693350219235088,1.6725121109900603,0.9952757890681341,0.8206955995250625
ABC,10.0,email-Enron,NDC-classes,2.0263381664310507,4.08325149712881,0.33287526735551703,0.7600215335058409
ABC,10.0,email-Enron,NDC-substances,1.8069890860270563,1.9382074303228396,0.8601393038950558,0.939487854121941
ABC,10.0,email-Enron,DAWN,1.0436123685440424,1.0417909408473682,1.0435842711301115,0.9283109879256035
ABC,10.0,email-Enron,congress-bills,1.0490668630614457,1.066851977621039,0.7339627757848685,0.7402640122872626
ABC,10.0,email-Enron,tags-math-sx,1.1299015476379317,1.1319030898951705,0.984825660575279,0.9584250264578872
ABC,10.0,email-Enron,tags-ask-ubuntu,1.1955390544192535,1.1923896562998082,1.0163698931637855,0.9646694959994189
ABC,10.0,email-Eu,contact-primary-school,1.0600645410840883,1.1318799492854903,0.45544862133713865,0.7774440931476988
ABC,10.0,email-Eu,contact-high-school,0.986716153387947,1.3149893580660719,-0.04217236637329997,0.3332971107568532
ABC,10.0,email-Eu,email-Enron,1.2419873679007696,1.80346655331272,0.3011791429313982,0.6530521149638361
ABC,10.0,email-Eu,NDC-classes,1.8127780311425843,4.08325149712881,0.26361068239144964,0.7193416449552931
ABC,10.0,email-Eu,NDC-substances,1.7255249872018001,1.9382074303228396,0.7733097860375558,0.9305371542516911
ABC,10.0,email-Eu,DAWN,0.9346105728218478,1.0417909408473682,-1.5646794700548143,0.9364521309837313
ABC,10.0,email-Eu,congress-bills,0.9860179774374822,1.066851977621039,-0.20914897449671715,0.6399110085134779
ABC,10.0,email-Eu,tags-math-sx,1.1087445256210329,1.1319030898951705,0.8244274315897919,0.9585738564141474
ABC,10.0,email-Eu,tags-ask-ubuntu,1.1902699028861383,1.1923896562998082,0.9889819782703567,0.9631153631096544
ABC,10.0,NDC-classes,contact-primary-school,1.013945451745763,1.1318799492854903,0.10574353282146129,0.26760490216405086
ABC,10.0,NDC-classes,contact-high-school,0.9077646189074088,1.3149893580660719,-0.292820626255075,0.020049989540319734
ABC,10.0,NDC-classes,email-Enron,1.8892611153593502,1.80346655331272,1.106780502178835,0.6248540089499921
ABC,10.0,NDC-classes,email-Eu,1.713030281012622,1.6725121109900603,1.0602489819297254,0.6579536800321595
ABC,10.0,NDC-classes,NDC-substances,1.9147054046445502,1.9382074303228396,0.9749500750913875,0.8961170609876516
ABC,10.0,NDC-classes,DAWN,1.1016607500023232,1.0417909408473682,2.4326025674706786,0.7744686918583585
ABC,10.0,NDC-classes,congress-bills,1.164177993095494,1.066851977621039,2.4558434759576295,0.6399598132937079
ABC,10.0,NDC-classes,tags-math-sx,1.062403091727556,1.1319030898951705,0.47309802808372875,0.7432264986663041
ABC,10.0,NDC-classes,tags-ask-ubuntu,1.0836831771884035,1.1923896562998082,0.43496713283793564,0.807630154721182
ABC,10.0,NDC-substances,contact-primary-school,1.061727338190181,1.1318799492854903,0.46805703615001637,0.6138197057085707
ABC,10.0,NDC-substances,contact-high-school,0.9815569322078885,1.3149893580660719,-0.0585513996578985,0.24140820457457735
ABC,10.0,NDC-substances,email-Enron,1.611036067873688,1.80346655331272,0.7604996939254849,0.73691886937802
ABC,10.0,NDC-substances,email-Eu,1.7528020724203164,1.6725121109900603,1.1193881271700143,0.822182722342615
ABC,10.0,NDC-substances,NDC-classes,2.3943840690764473,4.08325149712881,0.4522446742910618,0.8094480988180742
ABC,10.0,NDC-substances,DAWN,1.087982318950501,1.0417909408473682,2.105296439049698,0.9466370447038799
ABC,10.0,NDC-substances,congress-bills,1.0888813181421277,1.066851977621039,1.3295241413195813,0.810546766984333
ABC,10.0,NDC-substances,tags-math-sx,1.1776770646851784,1.1319030898951705,1.3470273124487575,0.9506668384133278
ABC,10.0,NDC-substances,tags-ask-ubuntu,1.2537705862224735,1.1923896562998082,1.3190448546101305,0.959961524551465
ABC,10.0,DAWN,contact-primary-school,1.0355763031583998,1.1318799492854903,0.2697627907134322,0.731494121782603
ABC,10.0,DAWN,contact-high-school,0.9875395474219243,1.3149893580660719,-0.03955832874665568,0.324986377720804
ABC,10.0,DAWN,email-Enron,1.155868439127356,1.80346655331272,0.19399493169280665,0.5913452434197737
ABC,10.0,DAWN,email-Eu,1.3544866193626302,1.6725121109900603,0.5271081569680006,0.852523106974917
ABC,10.0,DAWN,NDC-classes,2.0600140214893385,4.08325149712881,0.34379745618430624,0.7388041609301115
ABC,10.0,DAWN,NDC-substances,1.656156266708454,1.9382074303228396,0.6993722768563758,0.9377230207569267
ABC,10.0,DAWN,congress-bills,1.0386377248243368,1.066851977621039,0.5779593394134255,0.8999915768737893
ABC,10.0,DAWN,tags-math-sx,1.1013692300428617,1.1319030898951705,0.7685129296320844,0.9666557708579131
ABC,10.0,DAWN,tags-ask-ubuntu,1.158631354707303,1.1923896562998082,0.8245316185819351,0.9718756163246489
ABC,10.0,congress-bills,contact-primary-school,1.0301301915127772,1.1318799492854903,0.22846681149044215,0.7479943834916396
ABC,10.0,congress-bills,contact-high-school,0.9844532872221596,1.3149893580660719,-0.04935631118870785,0.34062445087714155
ABC,10.0,congress-bills,email-Enron,1.0956114761176026,1.80346655331272,0.11899870097067909,0.4852985603248313
ABC,10.0,congress-bills,email-Eu,1.3138788536318107,1.6725121109900603,0.4667259496185487,0.7816745579741361
ABC,10.0,congress-bills,NDC-classes,2.2904398270986523,4.08325149712881,0.41853213346375984,0.7678783784427043
ABC,10.0,congress-bills,NDC-substances,1.6366890564831,1.9382074303228396,0.6786229099294318,0.918193477425957
ABC,10.0,congress-bills,DAWN,1.035175358231519,1.0417909408473682,0.8416981651595008,0.9640688061759511
ABC,10.0,congress-bills,tags-math-sx,1.0814524865390767,1.1319030898951705,0.6175176533302648,0.9438575997494979
ABC,10.0,congress-bills,tags-ask-ubuntu,1.1253155227046006,1.1923896562998082,0.6513630988004706,0.9510095005466617
ABC,10.0,tags-math-sx,contact-primary-school,1.0427715774049764,1.1318799492854903,0.32432206439801997,0.7724257462115474
ABC,10.0,tags-math-sx,contact-high-school,0.9875294728899194,1.3149893580660719,-0.039590312468476344,0.3407063444754849
ABC,10.0,tags-math-sx,email-Enron,1.0353598429626472,1.80346655331272,0.044009103822501776,0.4774325441906657
ABC,10.0,tags-math-sx,email-Eu,1.2649694967273732,1.6725121109900603,0.3939995910814006,0.8213400684227048
ABC,10.0,tags-math-sx,NDC-classes,1.8539723761290456,4.08325149712881,0.27697136510734954,0.6866705384590488
ABC,10.0,tags-math-sx,NDC-substances,1.6198928438406242,1.9382074303228396,0.6607204588300025,0.9183354253186645
ABC,10.0,tags-math-sx,DAWN,0.9958475572023263,1.0417909408473682,-0.09936227118789985,0.9722527498015551
ABC,10.0,tags-math-sx,congress-bills,1.0221764584123552,1.066851977621039,0.3317247926166959,0.8488799426785241
ABC,10.0,tags-math-sx,tags-ask-ubuntu,1.1739265148589988,1.1923896562998082,0.9040325670521622,0.9772700875801511
ABC,10.0,tags-ask-ubuntu,contact-primary-school,1.0370373053694493,1.1318799492854903,0.28084106469643744,0.7676583254720262
ABC,10.0,tags-ask-ubuntu,contact-high-school,0.9873780076403867,1.3149893580660719,-0.04007117077576214,0.34729533084517594
ABC,10.0,tags-ask-ubuntu,email-Enron,1.0821682454780632,1.80346655331272,0.10226716362900327,0.5361054852211546
ABC,10.0,tags-ask-ubuntu,email-Eu,1.2993140726586678,1.6725121109900603,0.4450686727678748,0.8494785546548238
ABC,10.0,tags-ask-ubuntu,NDC-classes,1.8795916139479112,4.08325149712881,0.2852805276400598,0.7132075335875363
ABC,10.0,tags-ask-ubuntu,NDC-substances,1.6211725635842715,1.9382074303228396,0.662084463955401,0.9300984476408182
ABC,10.0,tags-ask-ubuntu,DAWN,0.9996699372064319,1.0417909408473682,-0.007897950772956816,0.9726501858000429
ABC,10.0,tags-ask-ubuntu,congress-bills,1.0146472930168562,1.066851977621039,0.21910036977345207,0.8224082221516577
ABC,10.0,tags-ask-ubuntu,tags-math-sx,1.1001137147805071,1.1319030898951705,0.7589944622227737,0.9736112138463907
