label,pattern,n,m,kappa,kappa_copy,alpha,m_copy,n_copies,copy_density,alpha_over_kappa,kappa_copy_over_kappa,alpha_lb,alpha_ub,max_hyperedge,window_days
"AG(2,7) pure",C4,105,392,7,0,0,0,0,0.0,0.0,0.0,0,0,,
"AG(2,11) pure",C4,253,1452,11,0,0,0,0,0.0,0.0,0.0,0,0,,
"AG(2,13) pure",C4,351,2366,13,0,0,0,0,0.0,0.0,0.0,0,0,,
"AG(2,17) pure",C4,595,5202,17,0,0,0,0,0.0,0.0,0.0,0,0,,
"AG(2,7) + 130 butterflies",C4,885,1172,7,2,1,520,130,0.11092150170648464,0.14285714285714285,0.2857142857142857,1,2,,
"AG(2,11) + 322 butterflies",C4,2185,3384,11,2,1,1288,322,0.09515366430260047,0.09090909090909091,0.18181818181818182,1,2,,
"AG(2,13) + 450 butterflies",C4,3051,5066,13,2,1,1800,450,0.08882747729964469,0.07692307692307693,0.15384615384615385,1,2,,
"AG(2,17) + 770 butterflies",C4,5215,9822,17,2,1,3080,770,0.07839543881083283,0.058823529411764705,0.11764705882352941,1,2,,
"AG(2,19) + 962 butterflies",C4,6513,12992,19,2,1,3848,962,0.07404556650246305,0.05263157894736842,0.10526315789473684,1,2,,
cliques(r=20) + cross gadgets,cross-K3,240,1380,19,3,2,355,120,0.08695652173913043,0.10526315789473684,0.15789473684210525,2,3,20.0,
cliques(r=40) + cross gadgets,cross-K3,480,5160,39,2,2,709,240,0.046511627906976744,0.05128205128205128,0.05128205128205128,1,2,40.0,
cliques(r=60) + cross gadgets,cross-K3,720,11340,59,2,2,1072,360,0.031746031746031744,0.03389830508474576,0.03389830508474576,1,2,60.0,
cliques(r=80) + cross gadgets,cross-K3,960,19920,79,2,2,1437,480,0.024096385542168676,0.02531645569620253,0.02531645569620253,1,2,80.0,
contact-primary-school,cross-K3,242,8317,47,47,36,8317,98621,11.857761211975472,0.7659574468085106,1.0,24,47,5.0,
email-Enron,cross-K3,143,1800,19,18,15,1633,3317,1.8427777777777778,0.7894736842105263,0.9473684210526315,9,18,18.0,
NDC-classes,cross-K3,1149,6222,35,28,21,2497,9064,1.45676631308261,0.6,0.8,14,28,24.0,
DAWN,cross-K3,1623,43212,102,102,77,41853,983141,22.7515736369527,0.7549019607843137,1.0,51,102,16.0,
congress-bills,cross-K3,1494,347901,368,368,269,347782,35076085,100.82202983032529,0.7309782608695652,1.0,184,368,25.0,
contact-primary-school (incidence),C4,12946,30729,4,4,3,23098,66664,2.169416512089557,0.75,1.0,2,4,,
email-Enron (incidence),C4,1600,4495,7,7,6,4087,36627,8.148387096774194,0.8571428571428571,1.0,4,7,,
NDC-classes (incidence),C4,2196,6402,15,15,11,5724,394108,61.560137457044675,0.7333333333333333,1.0,8,15,,
DAWN (incidence),C4,41623,138326,8,8,8,128045,6889980,49.80972485288377,1.0,1.0,4,8,,
congress-bills (incidence),C4,41494,401560,23,23,21,400945,28591584,71.20127502739317,0.9130434782608695,1.0,12,23,,
CollegeMsg W=1.0d,K3,433,628,3,3,3,147,66,0.10509554140127389,1.0,1.0,2,3,,1.0
CollegeMsg W=3.0d,K3,682,1576,5,4,4,525,298,0.18908629441624367,0.8,0.8,2,4,,3.0
CollegeMsg W=7.0d,K3,913,2829,7,6,5,1113,701,0.24779073877695298,0.7142857142857143,0.8571428571428571,3,6,,7.0
CollegeMsg W=7.0d,K3,342,462,3,3,2,69,35,0.07575757575757576,0.6666666666666666,1.0,2,3,,7.0
CollegeMsg W=30.0d,K3,1086,5851,14,12,10,3529,3674,0.6279268501110922,0.7142857142857143,0.8571428571428571,6,12,,30.0
CollegeMsg W=30.0d,K3,1320,6267,11,9,8,3316,2740,0.437210786660284,0.7272727272727273,0.8181818181818182,5,9,,30.0
CollegeMsg W=30.0d,K3,569,967,4,4,3,195,106,0.10961737331954498,0.75,1.0,2,4,,30.0
CollegeMsg W=30.0d,K3,408,665,4,4,3,125,63,0.09473684210526316,0.75,1.0,2,4,,30.0
CollegeMsg W=30.0d,K3,423,593,3,3,2,66,29,0.048903878583473864,0.6666666666666666,1.0,2,3,,30.0
CollegeMsg W=30.0d,K3,296,360,3,2,2,16,6,0.016666666666666666,0.6666666666666666,0.6666666666666666,1,2,,30.0
CollegeMsg W=90.0d,K3,1752,12632,20,18,16,8950,12546,0.9931918936035465,0.8,0.9,9,18,,90.0
CollegeMsg W=90.0d,K3,1631,10339,16,15,13,6751,8063,0.7798626559628591,0.8125,0.9375,8,15,,90.0
CollegeMsg W=90.0d,K3,1289,4922,9,7,6,1899,1361,0.27651361235270216,0.6666666666666666,0.7777777777777778,4,7,,90.0
CollegeMsg W=90.0d,K3,828,1959,7,6,5,638,447,0.22817764165390506,0.7142857142857143,0.8571428571428571,3,6,,90.0
CollegeMsg W=90.0d,K3,761,1708,6,5,5,471,308,0.18032786885245902,0.8333333333333334,0.8333333333333334,3,5,,90.0
CollegeMsg W=90.0d,K3,680,1368,5,5,4,310,189,0.13815789473684212,0.8,1.0,3,5,,90.0
CollegeMsg W=193.7d,K3,1899,13838,20,19,16,9869,14319,1.03475935828877,0.8,0.95,10,19,,193.7057986111111
CollegeMsg W=193.7d,K3,1899,13838,20,19,16,9869,14319,1.03475935828877,0.8,0.95,10,19,,193.7057986111111
email-Eu-core-temporal W=1.0d,K3,414,592,3,3,2,218,105,0.17736486486486486,0.6666666666666666,1.0,2,3,,1.0
email-Eu-core-temporal W=1.0d,K3,421,533,3,3,2,174,79,0.14821763602251406,0.6666666666666666,1.0,2,3,,1.0
email-Eu-core-temporal W=3.0d,K3,524,1068,5,5,4,618,418,0.3913857677902622,0.8,1.0,3,5,,3.0
email-Eu-core-temporal W=3.0d,K3,531,929,4,4,3,463,269,0.28955866523143164,0.75,1.0,2,4,,3.0
email-Eu-core-temporal W=3.0d,K3,443,714,4,4,3,327,186,0.2605042016806723,0.75,1.0,2,4,,3.0
email-Eu-core-temporal W=3.0d,K3,466,790,4,4,4,440,270,0.34177215189873417,1.0,1.0,2,4,,3.0
email-Eu-core-temporal W=3.0d,K3,377,542,3,3,3,196,102,0.1881918819188192,1.0,1.0,2,3,,3.0
email-Eu-core-temporal W=7.0d,K3,581,1501,6,6,4,1006,823,0.5483011325782812,0.6666666666666666,1.0,3,6,,7.0
email-Eu-core-temporal W=7.0d,K3,611,1614,5,5,5,1107,914,0.5662949194547707,1.0,1.0,3,5,,7.0
email-Eu-core-temporal W=7.0d,K3,565,1521,6,6,5,1049,941,0.6186719263642341,0.8333333333333334,1.0,3,6,,7.0
email-Eu-core-temporal W=7.0d,K3,646,2053,7,7,6,1577,1630,0.7939600584510472,0.8571428571428571,1.0,4,7,,7.0
email-Eu-core-temporal W=7.0d,K3,539,1093,5,5,4,624,419,0.38334858188472093,0.8,1.0,3,5,,7.0
email-Eu-core-temporal W=30.0d,K3,700,3265,9,9,8,2778,3954,1.2110260336906584,0.8888888888888888,1.0,5,9,,30.0
email-Eu-core-temporal W=30.0d,K3,717,3710,10,10,9,3233,5364,1.445822102425876,0.9,1.0,5,10,,30.0
email-Eu-core-temporal W=30.0d,K3,694,3763,11,11,9,3304,5700,1.5147488705819825,0.8181818181818182,1.0,6,11,,30.0
email-Eu-core-temporal W=30.0d,K3,756,4567,13,13,10,4116,7896,1.7289248959929933,0.7692307692307693,1.0,7,13,,30.0
email-Eu-core-temporal W=30.0d,K3,539,1093,5,5,4,624,419,0.38334858188472093,0.8,1.0,3,5,,30.0
email-Eu-core-temporal W=90.0d,K3,781,5921,16,16,13,5512,14037,2.3707144063502787,0.8125,1.0,8,16,,90.0
email-Eu-core-temporal W=90.0d,K3,781,6446,17,17,14,6006,17369,2.6945392491467577,0.8235294117647058,1.0,9,17,,90.0
email-Eu-core-temporal W=90.0d,K3,784,6430,17,17,14,6046,17304,2.691135303265941,0.8235294117647058,1.0,9,17,,90.0
email-Eu-core-temporal W=90.0d,K3,856,7744,18,18,16,7305,22904,2.9576446280991737,0.8888888888888888,1.0,9,18,,90.0
email-Eu-core-temporal W=90.0d,K3,539,1093,5,5,4,624,419,0.38334858188472093,0.8,1.0,3,5,,90.0
email-Eu-core-temporal W=365.0d,K3,891,12457,29,29,23,12159,65747,5.2779160311471465,0.7931034482758621,1.0,15,29,,365.0
email-Eu-core-temporal W=365.0d,K3,936,12906,28,28,23,12587,67652,5.241902990856966,0.8214285714285714,1.0,14,28,,365.0
email-Eu-core-temporal W=365.0d,K3,937,13527,29,29,25,13214,74038,5.473349597102092,0.8620689655172413,1.0,15,29,,365.0
email-Eu-core-temporal W=365.0d,K3,916,11667,27,27,22,11300,54057,4.633324762149653,0.8148148148148148,1.0,14,27,,365.0
email-Eu-core-temporal W=365.0d,K3,894,10023,23,23,19,9634,39243,3.9152948219096078,0.8260869565217391,1.0,12,23,,365.0
email-Eu-core-temporal W=365.0d,K3,852,7789,19,19,16,7352,23251,2.9851072024650147,0.8421052631578947,1.0,10,19,,365.0
email-Eu-core-temporal W=803.9d,K3,986,16064,34,34,28,15776,105461,6.565052290836653,0.8235294117647058,1.0,17,34,,803.9265509259259
sx-mathoverflow W=3.0d,K3,334,435,3,3,2,110,44,0.10114942528735632,0.6666666666666666,1.0,2,3,,3.0
sx-mathoverflow W=3.0d,K3,355,396,3,3,2,40,15,0.03787878787878788,0.6666666666666666,1.0,2,3,,3.0
sx-mathoverflow W=3.0d,K3,328,337,2,2,2,32,11,0.032640949554896145,1.0,1.0,1,2,,3.0
sx-mathoverflow W=3.0d,K3,351,307,2,2,2,16,6,0.019543973941368076,1.0,1.0,1,2,,3.0
sx-mathoverflow W=7.0d,K3,528,954,4,4,3,322,153,0.16037735849056603,0.75,1.0,2,4,,7.0
sx-mathoverflow W=7.0d,K3,552,718,3,3,2,119,48,0.06685236768802229,0.6666666666666666,1.0,2,3,,7.0
sx-mathoverflow W=7.0d,K3,519,649,3,3,2,112,46,0.07087827426810478,0.6666666666666666,1.0,2,3,,7.0
sx-mathoverflow W=7.0d,K3,555,597,3,3,2,89,33,0.05527638190954774,0.6666666666666666,1.0,2,3,,7.0
sx-mathoverflow W=7.0d,K3,642,711,2,2,2,37,13,0.01828410689170183,1.0,1.0,1,2,,7.0
sx-mathoverflow W=30.0d,K3,524,2195,14,14,11,1808,4472,2.037357630979499,0.7857142857142857,1.0,7,14,,30.0
sx-mathoverflow W=30.0d,K3,1324,4217,10,10,9,2516,2750,0.6521223618686269,0.9,1.0,5,10,,30.0
sx-mathoverflow W=30.0d,K3,1388,3135,6,5,5,1227,750,0.23923444976076555,0.8333333333333334,0.8333333333333334,3,5,,30.0
sx-mathoverflow W=30.0d,K3,1357,2584,5,5,4,872,508,0.19659442724458204,0.8,1.0,3,5,,30.0
sx-mathoverflow W=30.0d,K3,1436,2630,5,4,4,740,369,0.14030418250950571,0.8,0.8,2,4,,30.0
sx-mathoverflow W=30.0d,K3,1622,2808,5,4,4,726,348,0.12393162393162394,0.8,0.8,2,4,,30.0
sx-mathoverflow W=90.0d,K3,1252,7857,25,25,20,7063,27784,3.5362097492681683,0.8,1.0,13,25,,90.0
sx-mathoverflow W=90.0d,K3,2499,11534,17,17,15,8278,14408,1.249176348187966,0.8823529411764706,1.0,9,17,,90.0
sx-mathoverflow W=90.0d,K3,2749,8903,11,11,10,5177,5565,0.6250702010558239,0.9090909090909091,1.0,6,11,,90.0
sx-mathoverflow W=90.0d,K3,2840,7711,9,9,8,3795,3299,0.4278303721955648,0.8888888888888888,1.0,5,9,,90.0
sx-mathoverflow W=90.0d,K3,2920,7453,9,9,7,3294,2732,0.3665637998121562,0.7777777777777778,1.0,5,9,,90.0
sx-mathoverflow W=90.0d,K3,3115,7210,8,8,7,2971,2188,0.3034674063800277,0.875,1.0,4,8,,90.0
sx-mathoverflow W=365.0d,K3,4365,39055,47,47,38,35872,238823,6.115042888234541,0.8085106382978723,1.0,24,47,,365.0
sx-mathoverflow W=365.0d,K3,5914,39371,36,36,30,33300,128497,3.2637474283101775,0.8333333333333334,1.0,18,36,,365.0
sx-mathoverflow W=365.0d,K3,6485,32133,25,25,22,24451,61541,1.9151962157283788,0.88,1.0,13,25,,365.0
sx-mathoverflow W=365.0d,K3,7496,32038,24,24,21,22380,46937,1.4650415132030714,0.875,1.0,12,24,,365.0
sx-mathoverflow W=365.0d,K3,7184,27283,20,20,17,17722,31055,1.1382545907708097,0.85,1.0,10,20,,365.0
sx-mathoverflow W=365.0d,K3,7570,27289,19,19,17,17326,31486,1.1537982337205468,0.8947368421052632,1.0,10,19,,365.0
sx-mathoverflow W=2350.3d,K3,24759,187986,78,78,65,167062,1403919,7.468210398646708,0.8333333333333334,1.0,39,78,,2350.3398958333332
