label,domain,method,k,prec_mean,prec_std,spearman
contact-primary-school,contact,localized,200,0.53625,0.029127950494327603,0.330519683738823
contact-primary-school,contact,localized,500,0.6875,0.03418698582794335,0.5348371343729013
contact-primary-school,contact,localized,1000,0.7362500000000001,0.018666480653835114,0.694905338714271
contact-primary-school,contact,localized,2000,0.79625,0.01932453104217537,0.8205108121135312
contact-primary-school,contact,localized,5000,0.85875,0.016909686573085867,0.9176741060969462
contact-primary-school,contact,localized,10000,0.91,0.022912878474779203,0.9626796095615602
contact-primary-school,contact,localized,20000,0.9312499999999999,0.016153559979150075,0.9791002198299243
contact-primary-school,contact,localized,50000,0.9537499999999999,0.014947825928876739,0.9908767490692842
contact-primary-school,contact,weighted,200,0.6125,0.04380353866983808,0.442193902511991
contact-primary-school,contact,weighted,500,0.67625,0.04635124054434789,0.5781817325044727
contact-primary-school,contact,weighted,1000,0.71375,0.03805834336909582,0.700364997543855
contact-primary-school,contact,weighted,2000,0.8087500000000001,0.022603926650031376,0.8393698101793146
contact-primary-school,contact,weighted,5000,0.87125,0.01763341997458237,0.9227202837281316
contact-primary-school,contact,weighted,10000,0.9087500000000001,0.012686114456365286,0.9536026667713506
contact-primary-school,contact,weighted,20000,0.92125,0.014523687548277809,0.9760023136860536
contact-primary-school,contact,weighted,50000,0.9575,0.008291561975888507,0.9898107458219472
contact-high-school,contact,localized,200,0.41375,0.06440836513994125,0.2785522677564455
contact-high-school,contact,localized,500,0.5475000000000001,0.04205650960315181,0.4291241415525556
contact-high-school,contact,localized,1000,0.58125,0.030998991919093086,0.5834851156962747
contact-high-school,contact,localized,2000,0.65125,0.03257203555198845,0.7037225102128475
contact-high-school,contact,localized,5000,0.745,0.027838821814150136,0.842463020253455
contact-high-school,contact,localized,10000,0.8037500000000001,0.015761900266148092,0.9193745399864388
contact-high-school,contact,localized,20000,0.84125,0.02420614591379635,0.9508006131953433
contact-high-school,contact,localized,50000,0.9025000000000001,0.006614378277661483,0.9810736737899297
contact-high-school,contact,weighted,200,0.46375,0.0463512405443479,0.33847529666950377
contact-high-school,contact,weighted,500,0.525,0.049497474683058325,0.48941349045304744
contact-high-school,contact,weighted,1000,0.6025,0.044930501889028585,0.6235514899787774
contact-high-school,contact,weighted,2000,0.66125,0.035859970719452634,0.7400189752955202
contact-high-school,contact,weighted,5000,0.7375,0.028173569173961636,0.8513015940874937
contact-high-school,contact,weighted,10000,0.8125,0.011989578808281763,0.9153426498615356
contact-high-school,contact,weighted,20000,0.84875,0.018998355191963346,0.952418199279059
contact-high-school,contact,weighted,50000,0.90375,0.01494782592887676,0.9798782583767229
email-Enron,email,localized,200,0.74125,0.02204399011068552,0.3851966408506395
email-Enron,email,localized,500,0.7862500000000001,0.0193245310421754,0.5857990753151332
email-Enron,email,localized,1000,0.8524999999999999,0.026809513236909024,0.741629346825776
email-Enron,email,localized,2000,0.9199999999999999,0.016583123951776982,0.8712337981125489
email-Enron,email,localized,5000,0.95,0.011180339887498959,0.9422721161572782
email-Enron,email,localized,10000,0.9637499999999999,0.011110243021644496,0.9715947286418982
email-Enron,email,localized,20000,0.98,0.007071067811865481,0.984767358098982
email-Enron,email,localized,50000,0.99125,0.005994789404140905,0.9931397030208218
email-Enron,email,weighted,200,0.7925,0.024874685927665507,0.5674904128580487
email-Enron,email,weighted,500,0.8425,0.022220486043288957,0.7133160429220513
email-Enron,email,weighted,1000,0.8925000000000001,0.011989578808281809,0.829016730044729
email-Enron,email,weighted,2000,0.9225,0.015612494995995986,0.8934777264061358
email-Enron,email,weighted,5000,0.94875,0.017633419974582332,0.9518792708163639
email-Enron,email,weighted,10000,0.97125,0.005994789404140905,0.9765867801803498
email-Enron,email,weighted,20000,0.98,0.008660254037844395,0.9861317283569772
email-Enron,email,weighted,50000,0.9862500000000001,0.006959705453537534,0.9935883246930248
email-Eu,email,localized,200,0.255,0.05049752469181039,0.23698558855989366
email-Eu,email,localized,500,0.4375,0.052855936279664936,0.38595655332910517
email-Eu,email,localized,1000,0.55875,0.028476964374736274,0.49975204920074884
email-Eu,email,localized,2000,0.66,0.011180339887498959,0.6462719112856021
email-Eu,email,localized,5000,0.76,0.02872281323269017,0.824739044509911
email-Eu,email,localized,10000,0.8225,0.02772634126602352,0.906643134487704
email-Eu,email,localized,20000,0.865,0.015000000000000015,0.9533421693671144
email-Eu,email,localized,50000,0.9275,0.02106537443294087,0.9833144526439871
email-Eu,email,weighted,200,0.4625,0.07838207703295443,0.38642332882991537
email-Eu,email,weighted,500,0.525,0.021794494717703387,0.5355180953908145
email-Eu,email,weighted,1000,0.6212500000000001,0.031795243354942264,0.6466562175925104
email-Eu,email,weighted,2000,0.7225,0.024874685927665497,0.7305624896864218
email-Eu,email,weighted,5000,0.80625,0.01576190026614809,0.8406322074321947
email-Eu,email,weighted,10000,0.8587499999999999,0.018998355191963346,0.8951458036049096
email-Eu,email,weighted,20000,0.9,0.01999999999999999,0.9415163235097526
email-Eu,email,weighted,50000,0.9375,0.016393596310754967,0.9714154136961541
NDC-classes,drugs,localized,200,0.18375,0.04060095442227929,0.25363531470605777
NDC-classes,drugs,localized,500,0.34875,0.054414497149197286,0.4130920982904828
NDC-classes,drugs,localized,1000,0.58625,0.0319912097301743,0.5895340752402238
NDC-classes,drugs,localized,2000,0.7762499999999999,0.03805834336909582,0.7329639149507285
NDC-classes,drugs,localized,5000,0.9087500000000001,0.01763341997458237,0.878100837806698
NDC-classes,drugs,localized,10000,0.9325000000000001,0.013919410907075025,0.9230352888863034
NDC-classes,drugs,localized,20000,0.9512499999999999,0.01053268721647043,0.9563604895611673
NDC-classes,drugs,localized,50000,0.9737499999999999,0.014086784586980818,0.9809286558680005
NDC-classes,drugs,weighted,200,0.48250000000000004,0.06722164829874375,0.5975191023018643
NDC-classes,drugs,weighted,500,0.75,0.037749172176353755,0.7588903140223706
NDC-classes,drugs,weighted,1000,0.8512500000000001,0.02521780125229004,0.8406429529946089
NDC-classes,drugs,weighted,2000,0.89375,0.01576190026614813,0.8874688120808017
NDC-classes,drugs,weighted,5000,0.9425,0.008291561975888486,0.9271926627917422
NDC-classes,drugs,weighted,10000,0.95375,0.01727534370135656,0.9556197069264162
NDC-classes,drugs,weighted,20000,0.95875,0.010532687216470457,0.9702786691752927
NDC-classes,drugs,weighted,50000,0.97875,0.007806247497998005,0.9878572290113788
NDC-substances,drugs,localized,200,0.2375,0.056069153730014504,0.22760628852173867
NDC-substances,drugs,localized,500,0.41875,0.043138584816843496,0.34781820144027753
NDC-substances,drugs,localized,1000,0.5137499999999999,0.050729059719257556,0.42398989541498455
NDC-substances,drugs,localized,2000,0.63375,0.04794202227691278,0.5386232804172241
NDC-substances,drugs,localized,5000,0.725,0.022360679774997918,0.6855861183888783
NDC-substances,drugs,localized,10000,0.7999999999999999,0.014142135623730925,0.7917088778961056
NDC-substances,drugs,localized,20000,0.86375,0.016535945694153707,0.8716841232316386
NDC-substances,drugs,localized,50000,0.9175,0.013919410907075044,0.9413177585792785
NDC-substances,drugs,weighted,200,0.47625,0.044703886855619185,0.34953787274399195
NDC-substances,drugs,weighted,500,0.53,0.043011626335213146,0.4734207977526945
NDC-substances,drugs,weighted,1000,0.59875,0.0284769643747363,0.5650761131091318
NDC-substances,drugs,weighted,2000,0.72125,0.03218598297395936,0.6507094452194793
NDC-substances,drugs,weighted,5000,0.8262499999999999,0.024462982238476146,0.7592160974128755
NDC-substances,drugs,weighted,10000,0.895,0.017320508075688787,0.8138847584432957
NDC-substances,drugs,weighted,20000,0.9175000000000001,0.014790199457749053,0.8632073985829336
NDC-substances,drugs,weighted,50000,0.945,0.007071067811865481,0.9143579040952976
DAWN,drugs,localized,200,0.3275,0.028613807855648998,0.33692116757568946
DAWN,drugs,localized,500,0.43374999999999997,0.0193245310421754,0.4770956944190596
DAWN,drugs,localized,1000,0.50625,0.03838538133196022,0.6025372445888664
DAWN,drugs,localized,2000,0.55125,0.03179524335494225,0.7134145756480879
DAWN,drugs,localized,5000,0.665,0.02598076211353314,0.8479390313224773
DAWN,drugs,localized,10000,0.735,0.031224989991992018,0.907586851696748
DAWN,drugs,localized,20000,0.78,0.025,0.94772940780105
DAWN,drugs,localized,50000,0.87,0.022360679774997918,0.9780271439390776
DAWN,drugs,weighted,200,0.30875,0.03218598297395932,0.3827878367081771
DAWN,drugs,weighted,500,0.44875,0.027585095613392382,0.5333578102895116
DAWN,drugs,weighted,1000,0.5375000000000001,0.05332682251925385,0.6366990848765115
DAWN,drugs,weighted,2000,0.6,0.03240370349203931,0.7325455141515056
DAWN,drugs,weighted,5000,0.7275,0.035968736424845396,0.8150215144752688
DAWN,drugs,weighted,10000,0.805,0.014999999999999977,0.8660083755605199
DAWN,drugs,weighted,20000,0.8500000000000001,0.025495097567963927,0.9004772668186056
DAWN,drugs,weighted,50000,0.8975,0.015612494995996009,0.9364910301949303
tags-math-sx,tags,localized,200,0.365,0.045276925690687087,0.30586390496049637
tags-math-sx,tags,localized,500,0.4675,0.05494315243958978,0.4455515274206921
tags-math-sx,tags,localized,1000,0.5725,0.03596873642484539,0.5481924020139715
tags-math-sx,tags,localized,2000,0.66125,0.03854785986277319,0.6798762633523356
tags-math-sx,tags,localized,5000,0.78125,0.02976470224947665,0.8334708496241652
tags-math-sx,tags,localized,10000,0.83875,0.025217801252290013,0.9147103011185764
tags-math-sx,tags,localized,20000,0.89375,0.024462982238476153,0.9627589112840907
tags-math-sx,tags,localized,50000,0.92875,0.014523687548277774,0.9865640158296759
tags-math-sx,tags,weighted,200,0.385,0.03968626966596885,0.3774519992414317
tags-math-sx,tags,weighted,500,0.54875,0.03179524335494225,0.524227305274132
tags-math-sx,tags,weighted,1000,0.61375,0.03314268395890716,0.6192303000495913
tags-math-sx,tags,weighted,2000,0.7424999999999999,0.01561249499599601,0.7153427660071419
tags-math-sx,tags,weighted,5000,0.82375,0.019324531042175356,0.8300760357628285
tags-math-sx,tags,weighted,10000,0.87125,0.018328597873268994,0.8840776925200468
tags-math-sx,tags,weighted,20000,0.9012500000000001,0.014523687548277826,0.9293178374310438
tags-math-sx,tags,weighted,50000,0.9324999999999999,0.013919410907075018,0.9643981370669257
tags-ask-ubuntu,tags,localized,200,0.34750000000000003,0.035968736424845396,0.24041048455102682
tags-ask-ubuntu,tags,localized,500,0.43625,0.014086784586980818,0.3558500468933108
tags-ask-ubuntu,tags,localized,1000,0.53,0.054772255750516606,0.4370083772701554
tags-ask-ubuntu,tags,localized,2000,0.635,0.024494897427831803,0.542778337382457
tags-ask-ubuntu,tags,localized,5000,0.74875,0.03550968177835448,0.6932443698014227
tags-ask-ubuntu,tags,localized,10000,0.815,0.02783882181415009,0.8091015020577327
tags-ask-ubuntu,tags,localized,20000,0.8674999999999999,0.025372228912730572,0.8962962181295495
tags-ask-ubuntu,tags,localized,50000,0.915,0.015811388300841864,0.9640011591884478
tags-ask-ubuntu,tags,weighted,200,0.40750000000000003,0.02947456530637899,0.2968933039136936
tags-ask-ubuntu,tags,weighted,500,0.49749999999999994,0.04322904116447647,0.4151341769843079
tags-ask-ubuntu,tags,weighted,1000,0.60875,0.04226035376094243,0.5141656380236128
tags-ask-ubuntu,tags,weighted,2000,0.70875,0.02758509561339238,0.6009161434198208
tags-ask-ubuntu,tags,weighted,5000,0.81875,0.02420614591379633,0.7143700460382694
tags-ask-ubuntu,tags,weighted,10000,0.885,0.02500000000000002,0.7854140834380894
tags-ask-ubuntu,tags,weighted,20000,0.9225,0.014790199457749021,0.8560859729589858
tags-ask-ubuntu,tags,weighted,50000,0.9425,0.011989578808281769,0.9148473605483756
